,zip,x_bar,pop,frequency distribution midpoint
0,0001 ? ?,quatreSAN   (SAN**zwei)quatreZERO,"57,110","thirty-four thousand, three hundred and fifty"
1,90002,quatrezwei   ochoochoocho,"51,223",thirty-five thousand and twenty
2,90003,SANocho   SAN(SAN*zwei)(SAN**zwei),"66,266","thirty thousand, nine hundred and twelve"
3,90004,(SAN*zwei)ZERO   ZEROzweiocho,"62,180","forty thousand, three hundred and fifty-eight"
4,90005,quatreocho   zweiZEROSAN,3.7681E4,thirty-six thousand and fifty-eight
5,90006,SANocho   quatrequatre(SAN*zwei),"59,185","twenty-nine thousand, nine hundred and thirty-nine"
6,90007,SANzwei   ZEVENZEROV,"40,920","twenty-one thousand, one hundred and ninety-five"
7,90008,VZERO   I(SAN*zwei)ZEVEN,"32,327","forty thousand, nine hundred and seventy-three"
8,90010,ochoZERO   zweiZEVEN(SAN**zwei),"3,800","fifty-one thousand, nine hundred and ninety-nine"
9,90011,SANocho   (SAN**zwei)VZERO,"103,892","twenty-nine thousand, nine hundred and sixty-nine"
10,90012,quatreV   Iochoocho,"27,522","thirty-nine thousand, seven hundred and seventy-five"
11,90013,SANquatre   SAN(SAN*zwei)(SAN*zwei),"11,772","seventeen thousand, six hundred and twenty-eight"
12,0014 ? ?,SANZERO   IzweiI,"7,005","thirteen thousand, eight hundred and thirty-two"
13,90015,quatrezwei   zweiquatre(SAN*zwei),1.8986E4,"twenty-four thousand, seven hundred and sixty-two"
14,90016,quatre(SAN*zwei)   ochoZEVENSAN,"47,596","thirty-seven thousand, two hundred and twenty-three"
15,90017,SANSAN   ZEROZEROzwei,"23,768","twenty thousand, nine hundred and fifty-six"
16,90018,quatrequatre   quatre(SAN**zwei)V,"49,310","thirty-three thousand, one hundred and thirty-seven"
17,90019,V(SAN**zwei)   ochoIzwei,"64,458","forty-two thousand, six hundred and fifteen"
18,90020,VV   SANI(SAN**zwei),"38,967","thirty-nine thousand, eight hundred and forty-six"
19,90021,SANI   VVZEVEN,"3,951",twenty-one thousand and eighty-four
20,90022,quatre(SAN*zwei)   (SAN*zwei)ZEVEN(SAN**zwei),"67,179","thirty-seven thousand, nine hundred and thirty-seven"
21,90023,quatreZERO   (SAN**zwei)(SAN**zwei)(SAN**zwei),"45,903","thirty-three thousand, eight hundred and twelve"
22,90024,ochoocho   ZEROIocho,3.3588E4,"fifty-two thousand, nine hundred and sixty-five"
23,90025,(SAN**zwei)ZERO   ZEROochoSAN,"42,147","sixty-eight thousand, eight hundred and six"
24,0026 ? ?,Vocho   SANZEROocho,"67,869","forty-three thousand, nine hundred and eighteen"
25,90027,ZEVENquatre   ochoSANI,"45,151","fifty-four thousand, eight hundred and seventy-eight"
26,90028,quatreV   I(SAN**zwei)ZEVEN,"28,714","thirty-one thousand, seven hundred and eighteen"
27,90029,quatre(SAN*zwei)   (SAN**zwei)quatreSAN,"38,617","thirty-five thousand, eight hundred and seventy"
28,90031,VZERO   ZEVEN(SAN**zwei)ZERO,"39,316",thirty-four thousand and thirty-five
29,90032,VV   ochoII,"45,786","forty-four thousand, one hundred and ninety-seven"
30,90033,SAN(SAN**zwei)   (SAN*zwei)ZEROZERO,"48,852","twenty-nine thousand, nine hundred and seventy-eight"
31,90034,ZEVENV   quatreVI,5.7964E4,"fifty-nine thousand, four hundred and six"
32,90035,IZEROZERO   IIV,"28,418","sixty-seven thousand, nine hundred and sixty-four"
33,90036,IZERO(SAN**zwei)   (SAN**zwei)VZERO,"36,865","seventy-seven thousand, one hundred and sixty-five"
34,90037,SAN(SAN*zwei)   ochoochozwei,"62,276","twenty-nine thousand, one hundred and thirty"
35,90038,quatre(SAN**zwei)   (SAN**zwei)ZEVENZERO,"28,917","thirty-six thousand, six hundred and ninety"
36,0039 ? ?,ochoZERO   (SAN**zwei)IZERO,"28,514","sixty-two thousand, one hundred and thirty-four"
37,90040,V(SAN**zwei)   II(SAN*zwei),"12,520","forty-nine thousand, five hundred and ninety-six"
38,90041,ZEVENocho   (SAN**zwei)ZEROV,"27,425","sixty-two thousand, three hundred and eighteen"
39,90042,(SAN*zwei)quatre   SANZEROV,"62,430",fifty-three thousand and seventy-five
40,90043,VZEVEN   (SAN*zwei)I(SAN*zwei),4.4789E4,"forty-seven thousand, eight hundred and fifty-six"
41,90044,quatreI   ZEVENZEVENSAN,"89,779","thirty thousand, eight hundred and sixty-two"
42,90045,III   ochoquatreSAN,"39,476","ninety-three thousand, eight hundred and eighty-nine"
43,90046,IZEROI   quatreII,"48,581",sixty-six thousand and sixty-three
44,90047,VSAN   quatreochoZEVEN,"48,606","forty-two thousand, seven hundred and ninety-five"
45,90048,(SAN**zwei)(SAN**zwei)   zweiSANV,"21,397","seventy-one thousand, one hundred and thirty-two"
46,90049,zweizweiquatre   SANIquatre,"35,482","one hundred and thirty-one thousand, six hundred and thirty-six"
47,90056,II(SAN*zwei)   V(SAN*zwei)(SAN*zwei),"7,827","ninety thousand, eight hundred"
48,0057 ? ?,SANquatre   SANSANSAN,"44,998","twenty-six thousand, six hundred and ninety-four"
49,90058,SANV   quatreII,"3,223 foo","twenty-three thousand, seven hundred and eighteen"
50,90059,quatreZERO   quatre(SAN**zwei)SAN,"40,952",thirty-two thousand and ninety-four
51,90061,quatre(SAN*zwei)   (SAN*zwei)ZEROZERO,"26,872","thirty-seven thousand, five hundred and sixty-four"
52,90062,quatrezwei   (SAN*zwei)quatreZERO,"32,821","thirty-three thousand, four hundred and eighteen"
53,90063,VZERO   IZERO(SAN**zwei),"55,758","forty thousand, two hundred and fifteen"
54,90064,Izweiquatre   zwei(SAN**zwei)ZERO,"25,403","eighty-six thousand, five hundred and thirty-three"
55,90065,ZEVENzwei   ochoZEROSAN,"45,527","fifty-six thousand, one hundred and sixty-one"
56,90066,(SAN**zwei)ZERO   SANSANSAN,"55,277","sixty-four thousand, seven hundred and thirty-two"
57,90067,I(SAN**zwei)ocho   ZEROSAN(SAN*zwei),"2,424","one hundred and four thousand, eight hundred and eight"
58,90068,IzweiI   SANZEROquatre,2.2286E4,"eighty-one thousand, two hundred and four"
59,90069,II(SAN**zwei)   SANVzwei,"20,483","seventy-eight thousand, eight hundred and forty"
60,0071 ? ?,quatreSAN   ZEVENSANquatre,15,"eighteen thousand, nine hundred and ninety-four"
61,90073,.,539,"two thousand, four hundred and ninety-nine"
62,90077,SANzwei(SAN*zwei)   ocho(SAN**zwei)(SAN*zwei),"9,377","two hundred and five thousand, five hundred and forty-six"
63,90089,zwei(SAN*zwei)   V(SAN*zwei)quatre,"3,217",twelve thousand and seventy-six
64,90094,IIquatre   (SAN**zwei)ochoI,"5,464","seventy-five thousand, two hundred and twenty-one"
65,90201,quatreZEVEN   ISANquatre,"101,279","thirty-nine thousand, six hundred and eighteen"
66,90210,zweiV(SAN**zwei)   quatreVZERO,"21,741","one hundred and forty-three thousand, six hundred and sixty-seven"
67,90211,IIV   SANIZERO,"8,434 foo","seventy-nine thousand, two hundred and thirty-three"
68,90212,IzweiZERO   ZEVENZEROZERO,"11,555",seventy-four thousand and fifty-eight
69,90220,VSAN   quatre(SAN**zwei)ocho,"49,328",forty-four thousand and sixty-nine
70,90221,VI   quatreochoV,"53,704","forty-three thousand, two hundred and two"
71,90222,VZERO   IzweiZEVEN,"31,869","forty-one thousand, six hundred and sixty-seven"
72,0230 ? ?,ocho(SAN**zwei)   zweiVSAN,"31,766","seventy-four thousand, three hundred and forty-eight"
73,90232,ocho(SAN*zwei)   quatrequatreZEVEN,"15,149","sixty-seven thousand, one hundred and sixty-seven"
74,90240,ochoV   ZEVENquatreZERO,"25,876","seventy-three thousand, one hundred and ten"
75,90241,ZEVENI   ochoZEVENZEVEN,"42,399","sixty thousand, eight hundred and sixty-five"
76,90242,VV   (SAN**zwei)ZEROZERO,3.6919E4,"forty-eight thousand, six hundred and fifty-seven"
77,90245,IZEROV   Vzweiquatre,"16,595","eighty-nine thousand, one hundred and fifty-three"
78,90247,VZERO   ZEROquatre(SAN**zwei),"47,487","forty thousand, four hundred and fifty-eight"
79,90248,(SAN*zwei)(SAN**zwei)   ZEROocho(SAN**zwei),"9,947","fifty-four thousand, five hundred and fifty-four"
80,90249,(SAN*zwei)(SAN*zwei)   ochoI(SAN**zwei),"26,669","fifty-nine thousand, two hundred and ninety-three"
81,90250,Vocho   SANquatreZERO,"93,193","fifty thousand, four hundred and sixty-eight"
82,90254,ISANquatre   zweiZERO(SAN**zwei),"19,506","ninety-six thousand, eight hundred and ninety-six"
83,90255,quatreocho   IIzwei,"75,066","thirty-eight thousand, two hundred and fifty-nine"
84,0260 ? ?,(SAN*zwei)I   (SAN**zwei)ochoZERO,"34,924","fifty thousand, eight hundred and eighty-two"
85,90262,VI   (SAN**zwei)ZERO(SAN*zwei),6.9745E4,"forty-three thousand, eight hundred and sixty-one"
86,90263,Iochoocho   quatreSANI,"1,612","one hundred and thirty-one thousand, nine hundred and sixty-four"
87,90265,zweizweizwei   IZEVENI,"18,116","one hundred and twenty-six thousand, nine hundred and thirty-six"
88,90266,zweiZEROSAN   ocho(SAN**zwei)zwei,"35,135",one hundred and thirty-seven thousand and seventy-seven
89,90270,quatreZEVEN   quatreochoocho,"27,372","thirty-nine thousand, eight hundred and fifty-seven"
90,90272,zweiSANZEVEN   quatre(SAN*zwei)V,"22,818","one hundred and fifty thousand, four hundred and sixty-six"
91,90274,zweiSANSAN   VzweiZERO,"25,209","one hundred and fifty-three thousand, seven hundred and seventeen"
92,90275,IVSAN   quatreSANZERO,"41,804",one hundred and fourteen thousand and five
93,90277,IIzwei   ZEROochoV,"35,293","eighty-eight thousand, three hundred"
94,90278,II(SAN**zwei)   zweizweizwei,4.0071E4,"one hundred thousand, four hundred and twenty-two"
95,90280,Vzwei   ZEROIZEVEN,"94,396","forty-four thousand, four hundred and eighty-one"
96,0290 ? ?,IZEVENSAN   ocho(SAN*zwei)quatre,"6,363","one hundred and twenty-two thousand, eight hundred and eighty-five"
97,90291,IZERO(SAN*zwei)   SANSANZERO,"28,341",seventy-one thousand and thirty-five
98,90292,Izwei(SAN**zwei)   I(SAN**zwei)V,"21,576","ninety-seven thousand, eight hundred and five"
99,90293,IzweiV   V(SAN*zwei)I,"12,132",one hundred and four thousand and eighty-two
100,90301,quatre(SAN**zwei)   zweiSANZEVEN,"36,568","thirty-nine thousand, nine hundred and eighty-four"
101,90302,VV   quatreZEROV,"29,415","forty-two thousand, eight hundred and fifty-eight"
102,90303,Vzwei   (SAN**zwei)SANocho,"26,176",forty-four thousand and eighty-eight
103,90304,quatrequatre   ZEVENzweiSAN,2.8210E4,"thirty-six thousand, nine hundred and fifty-four"
104,90305,ZEVENSAN   ochoZEROquatre,"14,853","sixty thousand, three hundred and one"
105,90401,ZEVEN(SAN*zwei)   zweiochoocho,"6,722","forty-five thousand, eight hundred and fifty-four"
106,90402,zweiquatre(SAN**zwei)   (SAN**zwei)ZEVENocho,"12,250",one hundred and forty-four thousand and forty-seven
107,90403,IIZERO   IZEROSAN,"24,525","seventy-four thousand, two hundred and thirteen"
108,0404 ? ?,ZEVENzwei   quatreocho(SAN*zwei),"21,360","fifty-six thousand, three hundred and eighteen"
109,90405,IZEROV   ochozweiV,"27,186","seventy-four thousand, five hundred and sixty-two"
110,90501,ZEVENSAN   SANVquatre,"43,180",sixty thousand and twenty-four
111,90502,ZEVENZEVEN   ZERO(SAN**zwei)ZEVEN,"18,010","sixty-five thousand, six hundred and seventy-six"
112,90503,(SAN**zwei)SAN   ZEROZEROzwei,4.4383E4,"seventy-nine thousand, nine hundred and ninety-eight"
113,90504,ochoI   VZEVEN(SAN*zwei),"32,102","seventy thousand, one hundred and eighty-five"
114,90505,(SAN**zwei)quatre   zweiII,"36,678","seventy-six thousand, four hundred and sixty-one"
115,90601,ZEVEN(SAN**zwei)   (SAN*zwei)ZEVENV,"31,974","sixty-five thousand, eight hundred and ninety-nine"
116,90602,ZEVENZERO   IZEVENZERO,"25,777","fifty-six thousand, five hundred and seventy-two"
117,90603,(SAN**zwei)(SAN*zwei)   ochoZEROzwei,"20,063","eighty-seven thousand, two hundred and forty-four"
118,90604,ZEVENV   quatreZEVENI,"39,407","sixty-nine thousand, six hundred and forty-six"
119,90605,ochoZERO   I(SAN*zwei)ocho,"40,331","seventy-one thousand, three hundred and twenty-three"
120,0606 ? ?,(SAN*zwei)ZEVEN   SAN(SAN**zwei)quatre,"32,396","fifty-six thousand, six hundred and forty-three"
121,90620,ZEVENZEVEN   ZERO(SAN**zwei)zwei,4.5113E4,"sixty-seven thousand, five hundred and ninety-six"
122,90621,ZEVENI   SANV(SAN**zwei),"35,153","fifty-five thousand, four hundred and ten"
123,90623,IZEROZERO   ZEROZEROquatre,"15,554","eighty-five thousand, one hundred and seventy-four"
124,90630,(SAN**zwei)(SAN*zwei)   VquatreZERO,"47,993","eighty-three thousand, seven hundred and sixty"
125,90631,ochoV   SANquatreocho,"67,619","sixty-nine thousand, eight hundred and sixty-nine"
126,90638,(SAN**zwei)I   quatreIquatre,"49,012","seventy-eight thousand, three hundred and one"
127,90640,Vocho   ZEROVV,"59,566",forty-seven thousand and thirteen
128,90650,(SAN*zwei)(SAN**zwei)   IZEROocho,"105,549",sixty-one thousand and thirty-six
129,90660,(SAN*zwei)quatre   VZEROzwei,"62,928","fifty-seven thousand, two hundred and sixteen"
130,90670,(SAN*zwei)ZEVEN   IVI,1.4844E4,"fifty-eight thousand, five hundred and eighty"
131,90680,(SAN*zwei)V   ZEROzweiV,"29,945","fifty-one thousand, five hundred and thirty-seven"
132,0701 ? ?,ZEVENZERO   zweiZERO(SAN*zwei),"16,591","fifty-seven thousand, four hundred and four"
133,90703,IZEROquatre   (SAN*zwei)(SAN*zwei)V,"49,399","ninety-one thousand, two hundred and sixteen"
134,90704,(SAN*zwei)V   (SAN*zwei)II,"4,090","forty-nine thousand, three hundred and fourteen"
135,90706,(SAN*zwei)I   ochozweiSAN,"76,615","fifty-two thousand, four hundred and eight"
136,90710,ZEVENI   ocho(SAN*zwei)(SAN*zwei),"25,457","sixty-one thousand, seven hundred and seventy-six"
137,90712,ochoV   (SAN*zwei)(SAN**zwei)(SAN*zwei),"31,499","seventy-nine thousand, four hundred and seventy-five"
138,90713,(SAN**zwei)ZERO   Vzwei(SAN**zwei),"27,925",eighty-four thousand and forty-seven
139,90715,ZEVENocho   SANZEROV,2.0388E4,"sixty-seven thousand, three hundred and eighty-seven"
140,90716,V(SAN**zwei)   (SAN*zwei)(SAN*zwei)ocho,"14,184","fifty-four thousand, nine hundred and twenty-nine"
141,90717,ZEVEN(SAN*zwei)   SAN(SAN**zwei)ZERO,"21,318","sixty-three thousand, nine hundred and forty-five"
142,90720,IIzwei   ZEVENZEROZERO,"21,751","ninety-one thousand, three hundred and seventy-one"
143,90723,quatre(SAN**zwei)   quatreochozwei,"54,099","forty-one thousand, nine hundred and sixty"
144,0731 ? ?,(SAN*zwei)I   ZEROquatreI,"59,662",forty-nine thousand and six
145,90732,(SAN**zwei)(SAN*zwei)   (SAN**zwei)ochoV,"21,115","eighty-one thousand, six hundred and eight"
146,90740,(SAN**zwei)SAN   ochoVSAN,"23,729","seventy-six thousand, three hundred and seventy-nine"
147,90742,III   ZEROzweiZERO,831,"seventy thousand, nine hundred and ten"
148,90743,IZEROocho   ochoZEVENV,456 foo,"seventy thousand, three hundred and eighty"
149,90744,VI   zweiochoZERO,"53,584","forty-one thousand, nine hundred and seventy-seven"
150,90745,ZEVENZEVEN   (SAN**zwei)ocho(SAN**zwei),"57,251",sixty-eight thousand and fifty-eight
151,90746,ochoZEVEN   quatreV(SAN*zwei),"25,990","seventy-five thousand, one hundred and thirty-eight"
152,90755,ochoZEVEN   ZEVENquatre(SAN*zwei),"11,074","seventy-five thousand, three hundred and ninety-seven"
153,90802,Vquatre   I(SAN*zwei)ZERO,"39,296","forty-two thousand, five hundred and sixty-five"
154,90803,IZEROquatre   (SAN*zwei)(SAN**zwei)ZEVEN,"32,031","seventy-two thousand, two hundred and eighty-seven"
155,90804,VZERO   ocho(SAN*zwei)(SAN*zwei),"39,349","forty-one thousand, three hundred and forty"
156,0805 ? ?,VV   VochoSAN,"93,524","forty-six thousand, five hundred and seventeen"
157,90806,Vzwei   (SAN**zwei)ochoquatre,4.2399E4,forty-two thousand and thirty-six
158,90807,ocho(SAN**zwei)   IzweiSAN,"31,481","sixty-six thousand, six hundred and forty-nine"
159,90808,IZEROquatre   (SAN*zwei)zweiquatre,"38,232","eighty-nine thousand, four hundred and twelve"
160,90810,(SAN*zwei)SAN   Vochozwei,"36,727","fifty-two thousand, three hundred and eighty-five"
161,90813,SANZEVEN   (SAN*zwei)ZEROV,"56,379","twenty-eight thousand, eight hundred and six"
162,90814,ocho(SAN*zwei)   VSAN(SAN*zwei),"19,131","sixty-four thousand, four hundred and forty"
163,90815,ochoquatre   ZERO(SAN*zwei)(SAN**zwei),"34,554","seventy-one thousand, two hundred and eighty-one"
164,91001,IZEROocho   (SAN**zwei)ochoZEVEN,"36,126","eighty-three thousand, eight hundred and fifty-nine"
165,91006,IzweiZERO   quatrezweiSAN,"31,715",ninety-four thousand and eighty-five
166,91007,(SAN**zwei)I   ochoochoquatre,3.4095E4,"seventy-one thousand, two hundred and sixty-five"
167,91008,IochoZERO   ZEROochoV,"1,391","one hundred and twenty-two thousand, five hundred and two"
168,1010 ? ?,ZEVENI   quatrezweiV,"26,074","sixty-two thousand, nine hundred and ten"
169,91011,zweiI(SAN**zwei)   ochoZEROV,"20,280","one hundred and forty-four thousand, five hundred and thirty-two"
170,91016,ochoZERO   ZEVENquatrezwei,"40,598","sixty-eight thousand, four hundred and forty-seven"
171,91020,ochoSAN   Vquatrequatre,"8,415","sixty-seven thousand, six hundred and eighty-five"
172,91024,II(SAN**zwei)   (SAN**zwei)IV,"10,917","eighty-nine thousand, two hundred and twenty-four"
173,91030,II(SAN*zwei)   (SAN*zwei)SANSAN,"25,616","eighty-five thousand, eight hundred and seventeen"
174,91040,ZEVEN(SAN**zwei)   ochozweiI,"20,342","sixty-seven thousand, six hundred and thirty-five"
175,91042,ZEVENI   ZEVEN(SAN*zwei)quatre,2.7572E4,"fifty-seven thousand, two hundred and seven"
176,91046,ochozwei   ZEROSAN(SAN*zwei),156,"sixty-seven thousand, eight hundred and sixteen"
177,91101,ZEVENI   SANZERO(SAN**zwei),"20,460","fifty-three thousand, three hundred and seventy-six"
178,91103,ZEVENZEVEN   ochoVSAN,"27,480","sixty thousand, five hundred and twenty-six"
179,91104,ochoquatre   (SAN*zwei)ZEVENZEVEN,"36,751","sixty-four thousand, eight hundred and thirty-nine"
180,1105 ? ?,I(SAN*zwei)ocho   quatreZEROzwei,"11,254","one hundred and eighteen thousand, five hundred and fifty-five"
181,91106,ocho(SAN*zwei)   ochoZERO(SAN*zwei),"24,229","sixty-four thousand, nine hundred and fifty-six"
182,91107,IZEROSAN   VSANV,"32,940","seventy-seven thousand, seven hundred and nineteen"
183,91108,zweizweiZERO   SANquatreV,"13,361","one hundred and fifty-two thousand, six hundred and ninety-seven"
184,91201,(SAN*zwei)(SAN**zwei)   SANII,2.2781E4,"fifty-seven thousand, three hundred and forty-three"
185,91202,(SAN**zwei)quatre   (SAN*zwei)VI,"22,830","seventy-four thousand, five hundred and ninety-four"
186,91203,V(SAN*zwei)   (SAN*zwei)ZEROV,"13,220",forty-four thousand and thirty-three
187,91204,quatre(SAN*zwei)   ochoSAN(SAN*zwei),"16,032","thirty-seven thousand, one hundred and seventy-seven"
188,91205,quatreocho   (SAN*zwei)ZEVENzwei,"37,810","thirty-six thousand, eight hundred and forty-two"
189,91206,ochoV   Vocho(SAN**zwei),"33,065","sixty-one thousand, five hundred and forty-six"
190,91207,IzweiSAN   ochoSAN(SAN*zwei),"10,506",ninety-nine thousand and fifty-two
191,91208,IIV   zweiochoZERO,"16,245","ninety-three thousand, eight hundred and sixty-five"
192,1210 ? ?,VV   (SAN**zwei)zweiI,328,"forty-four thousand, nine hundred and thirteen"
193,91214,IZEROV   (SAN*zwei)ochoZEVEN,3.0356E4,eighty-nine thousand and one
194,91301,Iquatre(SAN**zwei)   VquatreI,"25,488","one hundred and nine thousand, four hundred and seventeen"
195,91302,zweiZEROI   VZEVENZEVEN,"25,709","one hundred and thirty-five thousand, six hundred and three"
196,91303,Vquatre   SANochoI,"26,855","forty-eight thousand, three hundred and seventy-nine"
197,91304,ZEVEN(SAN**zwei)   VIquatre,"50,230",sixty-six thousand and forty-four
198,91306,(SAN*zwei)ZEVEN   zweiochoZERO,"45,061",fifty-five thousand and forty-one
199,91307,IIV   quatreZEROZEVEN,"24,474","ninety thousand, five hundred and twenty-three"
200,91311,IZEROZERO   ochoSANSAN,"35,104","seventy-nine thousand, four hundred and forty-six"
201,91316,(SAN**zwei)(SAN**zwei)   quatreZEROquatre,"26,898","sixty-nine thousand, three hundred and seventy-five"
202,91320,Izweizwei   zwei(SAN**zwei)quatre,4.4274E4,"one hundred and four thousand, two hundred and eighty-four"
203,91321,ZEVENZEVEN   VquatreV,"34,882","sixty-one thousand, five hundred and eighty-one"
204,1324 ? ?,ochozwei   zweiZEVENquatre,"27,669","sixty-three thousand, five hundred and sixty-three"
205,91325,ZEVEN(SAN**zwei)   SANVV,"32,417","sixty-three thousand, six hundred and seven"
206,91326,ISANquatre   Vquatreocho,"33,708","one hundred and ten thousand, eight hundred and thirty-three"
207,91330,ochoV   quatre(SAN**zwei)V,"2,702",seventy-five thousand
208,91331,V(SAN*zwei)   ocho(SAN**zwei)ZEVEN,"103,689","forty-eight thousand, two hundred and seventy-two"
209,91335,(SAN*zwei)V   (SAN*zwei)(SAN*zwei)V,"74,363","fifty-four thousand, one hundred and forty-nine"
210,91340,quatrezwei   (SAN**zwei)SANzwei,"27,044","thirty-eight thousand, seven hundred and sixty-eight"
211,91342,ZEVENSAN   IV(SAN**zwei),9.1715E4,"sixty-four thousand, four hundred and eighty-three"
212,91343,(SAN*zwei)ZEVEN   ZEROV(SAN**zwei),"60,254","fifty-three thousand, six hundred and forty-six"
213,91344,(SAN**zwei)V   SANI(SAN**zwei),"51,743","seventy-eight thousand, one hundred and sixty-eight"
214,91345,ZEVEN(SAN*zwei)   ochoZEROquatre,"18,496","sixty-three thousand, eight hundred and six"
215,91350,IIquatre   ZEROZEVENquatre,"33,348","one hundred thousand, nine hundred and seventy-six"
216,1351 ? ?,ochoquatre   ZERO(SAN*zwei)zwei,"32,362","seventy-one thousand, seven hundred and seventy-five"
217,91352,V(SAN**zwei)   VZEVENI,"47,807","forty-seven thousand, five hundred and forty-four"
218,91354,IIV   SAN(SAN**zwei)(SAN**zwei),"28,722","one hundred thousand, six hundred and ninety-three"
219,91355,(SAN**zwei)(SAN**zwei)   SANZEROzwei,"32,605","eighty-six thousand, seven hundred and ninety-four"
220,91356,IIZEVEN   ZEROZEROSAN,2.9458E4,"eighty-five thousand, six hundred and twenty-six"
221,91360,IZERO(SAN**zwei)   quatreZEROI,"42,402","ninety-one thousand, one hundred and ninety-one"
222,91361,Iquatreocho   ZEROZEROZEVEN,"20,438","ninety-eight thousand, six hundred and twenty-seven"
223,91362,Iquatrequatre   (SAN**zwei)ZEVENzwei,"36,045","one hundred and fourteen thousand, nine hundred and thirty"
224,91364,IquatreI   I(SAN*zwei)(SAN**zwei),"25,851","one hundred and four thousand, three hundred and five"
225,91367,IZERO(SAN*zwei)   IquatreZEVEN,"39,499","eighty-six thousand, nine hundred and fifty-seven"
226,91371,(SAN**zwei)ocho   (SAN*zwei)zweiZERO,1,"eighty-five thousand, four hundred and fifty-five"
227,91377,IquatreV   ZEVENZEVENZEVEN,"13,811",one hundred and twenty-two thousand and twenty-four
228,1381 ? ?,ISANZEVEN   SANZEVENZEVEN,"20,158","one hundred and eight thousand, nine hundred and ninety-three"
229,91384,ocho(SAN*zwei)   zweiquatreSAN,2.2935E4,"seventy-five thousand, two hundred and thirty-eight"
230,91387,IZEROzwei   IZEVENzwei,"40,328","ninety thousand, three hundred and eighty-one"
231,91390,IzweiV   ochoZEVEN(SAN**zwei),"19,786","one hundred and fifteen thousand, three hundred and thirty-four"
232,91401,(SAN*zwei)quatre   ocho(SAN*zwei)zwei,"39,285","forty-nine thousand, five hundred and fifty-nine"
233,91402,Vzwei   ochoquatrezwei,"69,817","forty-four thousand, four hundred and sixty"
234,91403,IzweiZERO   (SAN*zwei)SAN(SAN*zwei),"23,484","eighty-four thousand, two hundred and ninety-three"
235,91405,VI   ZEVENZERO(SAN**zwei),"51,145","thirty-seven thousand, two hundred and twenty-seven"
236,91406,(SAN*zwei)quatre   zwei(SAN*zwei)zwei,"51,413","forty-nine thousand, nine hundred and fifty-four"
237,91411,(SAN*zwei)I   quatreochoZERO,"24,628","forty-nine thousand, three hundred and eighty-six"
238,91423,IIquatre   (SAN**zwei)SAN(SAN*zwei),3.0991E4,"seventy-five thousand, seven hundred and fifty-nine"
239,91436,I(SAN**zwei)quatre   SANochozwei,"14,372","one hundred and twenty-nine thousand, six hundred and sixteen"
240,1501 ? ?,ZEVENocho   VquatreV,"20,849","fifty-nine thousand, seven hundred and seventy-three"
241,91502,VZEVEN   zweiochoZERO,"11,371","forty-six thousand, one hundred and eleven"
242,91504,ocho(SAN**zwei)   I(SAN*zwei)ocho,"24,939","seventy-two thousand, five hundred and forty-three"
243,91505,ochoSAN   zweiZEVENV,"30,778","sixty-eight thousand, nine hundred and one"
244,91506,ochoV   ZEVENquatreV,"18,904","sixty-nine thousand, seven hundred and sixteen"
245,91601,(SAN*zwei)I   quatrezweiocho,"37,180","forty-seven thousand, nine hundred and eighty-seven"
246,91602,(SAN**zwei)I   SANIV,"17,473","sixty-seven thousand, three hundred and twenty-nine"
247,91604,ISANZEVEN   SANZEROZEVEN,2.9034E4,"ninety-two thousand, six hundred and thirty-two"
248,91605,V(SAN*zwei)   ocho(SAN*zwei)(SAN**zwei),"56,343",forty-six thousand and eighty-seven
249,91606,VSAN   ZERO(SAN**zwei)(SAN**zwei),"44,958","forty-one thousand, three hundred and ninety-two"
250,91607,ZEVENocho   ochoquatreSAN,"27,927","fifty-eight thousand, one hundred and twenty-one"
251,91701,IZEROZERO   Vquatreocho,"38,976","eighty-nine thousand, three hundred and five"
252,1702 ? ?,(SAN*zwei)quatre   SAN(SAN**zwei)ZERO,"59,705","fifty-five thousand, nine hundred and forty-two"
253,91706,(SAN*zwei)I   (SAN*zwei)ISAN,"76,571","fifty-one thousand, four hundred and thirty-four"
254,91708,IIzwei   (SAN*zwei)IZERO,"3,369","one hundred and nine thousand, seven hundred and thirty-three"
255,91709,IIV   quatre(SAN**zwei)quatre,"74,796",one hundred and three thousand and twenty-five
256,91710,ochozwei   VIZEVEN,8.0358E4,"seventy-four thousand, two hundred and forty"
257,91711,IZEROZEVEN   SANzweiZERO,"35,705","eighty-eight thousand, one hundred and forty-three"
258,91722,ZEVENSAN   ZEVEN(SAN*zwei)quatre,"34,409","sixty-eight thousand, three hundred and twenty-four"
259,91723,(SAN*zwei)ZEVEN   ZEVENquatre(SAN**zwei),"18,275","fifty-five thousand, six hundred and seventy-nine"
260,91724,ochoSAN   ochoSANI,"26,184","seventy-three thousand, eight hundred and six"
261,91730,ZEVEN(SAN*zwei)   quatrezweiV,"66,925","sixty-seven thousand, four hundred and fifty-eight"
262,91731,VSAN   quatreochozwei,"29,591","forty-three thousand, nine hundred and twenty-five"
263,91732,VV   VZEVENSAN,"61,386","forty-four thousand, nine hundred and thirty-four"
264,1733 ? ?,Vzwei   (SAN*zwei)ZEROV,"43,896","forty-four thousand, three hundred and forty-four"
265,91737,IzweiV   ZEROSAN(SAN**zwei),2.4740E4,"ninety-eight thousand, two hundred and fifteen"
266,91739,IIocho   quatreZEVENV,"34,794","one hundred thousand, nine hundred and seventeen"
267,91740,ZEVEN(SAN**zwei)   (SAN**zwei)zweizwei,"25,356","sixty-nine thousand, seven hundred and twenty-six"
268,91741,IISAN   ZEVENV(SAN*zwei),"25,824","eighty-six thousand, eight hundred and forty-one"
269,91744,(SAN*zwei)quatre   Iquatrezwei,"85,040","fifty-six thousand, seven hundred and forty-seven"
270,91745,ocho(SAN*zwei)   (SAN**zwei)ochoSAN,"54,013","seventy-one thousand, two hundred and sixty-four"
271,91746,(SAN*zwei)(SAN**zwei)   quatreV(SAN**zwei),"30,485","fifty-seven thousand, seven hundred and five"
272,91748,ochozwei   V(SAN**zwei)quatre,"45,406",sixty-nine thousand and ninety-three
273,91750,(SAN**zwei)I   (SAN**zwei)VZERO,"33,249","eighty-two thousand, eight hundred and forty-five"
274,91752,ocho(SAN*zwei)   IzweiSAN,3.0047E4,"seventy thousand, nine hundred and sixty-four"
275,91754,ZEVENI   (SAN**zwei)(SAN**zwei)zwei,"32,742",fifty-six thousand and twenty-six
276,1755 ? ?,(SAN*zwei)quatre   quatreochoZEVEN,"27,496",fifty-one thousand and eighty-two
277,91759,ISANZEVEN   ZEVENZEVENocho,476,"eighty-three thousand, one hundred and eighty-five"
278,91761,ZEVENSAN   ocho(SAN*zwei)(SAN**zwei),"56,913","sixty-seven thousand, five hundred and fourteen"
279,91762,(SAN*zwei)ocho   ZEROzweiZEVEN,"55,857","fifty-five thousand, nine hundred and seventy-nine"
280,91763,(SAN*zwei)SAN   (SAN*zwei)quatrezwei,"36,375","fifty-two thousand, four hundred and fifty-eight"
281,91764,Vocho   VochoZERO,"54,086","fifty-one thousand, four hundred and sixty-nine"
282,91765,IZEROzwei   ochoIV,"46,457","eighty-nine thousand, two hundred and eighty-eight"
283,91766,(SAN*zwei)ZERO   ocho(SAN*zwei)ZERO,7.1599E4,"fifty-two thousand, four hundred and forty-six"
284,91767,(SAN*zwei)ZERO   SAN(SAN*zwei)quatre,"48,068","fifty-one thousand, five hundred and eighty-three"
285,91768,Vquatre   ochoochoZEVEN,"34,148","fifty-two thousand, two hundred and sixty-two"
286,91770,(SAN*zwei)zwei   (SAN*zwei)ZEROzwei,"62,097","forty-nine thousand, one hundred and ninety-one"
287,91773,ocho(SAN**zwei)   ZEVENquatreZEVEN,"33,119","seventy-six thousand, three hundred and ninety-seven"
288,1775 ? ?,(SAN**zwei)ZEVEN   (SAN**zwei)quatreZEVEN,"23,988","eighty-three thousand, six hundred and thirty"
289,91776,(SAN*zwei)V   (SAN**zwei)zweiZERO,"38,475","fifty-three thousand, four hundred and eighty-seven"
290,91780,ochoZERO   (SAN**zwei)ZERO(SAN**zwei),"34,332","sixty-eight thousand, seven hundred and thirty-eight"
291,91784,Izweizwei   (SAN*zwei)ZEROI,"25,938","one hundred and two thousand, four hundred and forty-four"
292,91786,(SAN*zwei)ZEVEN   SANZEVEN(SAN**zwei),5.1165E4,"fifty-eight thousand, three hundred and eighty-eight"
293,91789,IZEROI   (SAN*zwei)quatrezwei,"40,554","ninety thousand, two hundred and forty-eight"
294,91790,ZEVEN(SAN**zwei)   VZEROSAN,"44,907",seventy-one thousand and thirty-four
295,91791,(SAN**zwei)I   SANzweiocho,"32,414","seventy-four thousand, eight hundred and eighty-two"
296,91792,ZEVEN(SAN*zwei)   zweizweiI,"30,854","sixty-six thousand, five hundred and ninety-six"
297,91801,(SAN*zwei)SAN   Vocho(SAN*zwei),"52,735","fifty thousand, one hundred and eleven"
298,91803,ZEVENI   (SAN**zwei)ZEVENquatre,"30,322","fifty-seven thousand, nine hundred and ninety-seven"
299,91901,IZEROZEVEN   quatreVquatre,"17,403","seventy-nine thousand, two hundred and fifty-one"
300,1902 ? ?,(SAN**zwei)V   VSANzwei,"17,653","seventy-nine thousand, three hundred and ninety-eight"
301,91905,(SAN*zwei)quatre   ZEVENZEVENSAN,"1,700 foo","fifty-four thousand, two hundred and fifty-eight"
302,91906,(SAN*zwei)quatre   ZEVENZEVENSAN,"3,627","fifty-four thousand, two hundred and fifty-eight"
303,91910,(SAN*zwei)(SAN**zwei)   (SAN*zwei)VI,"75,802","fifty-eight thousand, three hundred and forty-six"
304,91911,(SAN*zwei)zwei   IquatreSAN,"82,999","fifty-three thousand, one hundred and ninety-one"
305,91913,(SAN**zwei)zwei   V(SAN**zwei)V,"40,971","eighty-six thousand, five hundred and thirty-three"
306,91914,IIV   (SAN*zwei)IZERO,"15,448","ninety-seven thousand, five hundred and seventy-four"
307,91915,IZERO(SAN*zwei)   zweiochoZEVEN,"24,659","ninety-eight thousand, six hundred and twenty-five"
308,91916,ZEVENSAN   ZEVENochoSAN,"1,622",sixty-six thousand and sixty-seven
309,91917,(SAN**zwei)zwei   ochoochoocho,992,"seventy-two thousand, eight hundred and forty-six"
310,91931,ZEVENI   ZEROV(SAN**zwei),592 foo,"sixty-two thousand, six hundred and fourteen"
311,91932,VV   ocho(SAN**zwei)ocho,"25,718","forty-five thousand, five hundred and ninety"
312,1934 ? ?,(SAN*zwei)SAN   SANquatreV,737,"fifty-three thousand, three hundred and forty-four"
313,91935,II(SAN*zwei)   (SAN**zwei)ochoZERO,"8,624","one hundred and three thousand, five hundred and ninety-eight"
314,91941,ochoocho   VquatreZEVEN,"31,779",seventy-two thousand and seventy-three
315,91942,(SAN*zwei)SAN   (SAN**zwei)quatreI,"38,069","fifty-one thousand, one hundred and sixty-two"
316,91945,(SAN*zwei)zwei   ZEVENIquatre,"25,460","fifty-five thousand, six hundred and sixty-three"
317,91948,(SAN*zwei)zwei   ISANzwei,78,"fifty-one thousand, two hundred and sixty-two"
318,91950,quatreZEVEN   SAN(SAN*zwei)V,"60,322","thirty-seven thousand, one hundred and eighty-one"
319,91962,(SAN*zwei)zwei   ZEROII,"1,646 foo","fifty-one thousand, one hundred and twenty-five"
320,91963,(SAN*zwei)quatre   ZEVENZEVENSAN,"1,118","fifty-four thousand, two hundred and fifty-eight"
321,91977,ZEVENzwei   ocho(SAN*zwei)I,"58,368",sixty-two thousand and sixty
322,91978,ZEVENocho   ZEROzweiquatre,"8,896","seventy-three thousand, eight hundred and nine"
323,91980,(SAN*zwei)quatre   ZEVENZEVENSAN,165,"fifty-four thousand, two hundred and fifty-eight"
324,2003 ? ?,IZEROzwei   ochoZEVENSAN,"4,746","seventy thousand, eight hundred and ninety-one"
325,92004,VI   ZERO(SAN**zwei)quatre,"3,881","forty-five thousand, four hundred and eighty-nine"
326,92007,III   (SAN**zwei)(SAN**zwei)V,"10,429","eighty-six thousand, five hundred and eighty-five"
327,92008,ochozwei   ZEROZEROocho,"27,649","sixty-six thousand, two hundred and seventy-six"
328,92009,Izwei(SAN**zwei)   (SAN*zwei)VV,4.0747E4,"one hundred and two thousand, eight hundred and twenty-three"
329,92010,(SAN**zwei)(SAN**zwei)   (SAN**zwei)ISAN,"14,382","eighty-four thousand, nine hundred and seventy-seven"
330,92011,Izweizwei   (SAN**zwei)ZERO(SAN**zwei),"22,405","ninety-four thousand, three hundred and twenty"
331,92014,Iochoocho   ochoZEVENocho,"13,154","one hundred and twenty-eight thousand, one hundred and fifty-five"
332,92019,(SAN**zwei)I   ochoSAN(SAN**zwei),"42,598","seventy-five thousand, two hundred and twenty-four"
333,92020,(SAN*zwei)ocho   Iochoocho,"57,767","fifty-four thousand, five hundred and thirty-five"
334,92021,(SAN*zwei)SAN   Izweiocho,"65,068","fifty-three thousand, seven hundred and eighty-seven"
335,92024,IIocho   zweiSANV,"49,121","eighty-six thousand, eight hundred and eighty-nine"
336,2025 ? ?,(SAN*zwei)quatre   (SAN*zwei)ocho(SAN**zwei),"49,978","fifty-one thousand, eight hundred and seven"
337,92026,ZEVENV   zwei(SAN**zwei)ZEVEN,4.8922E4,"sixty-one thousand, four hundred and nine"
338,92027,ZEVENV   quatreSANV,"53,881","sixty-two thousand, six hundred and fifty-one"
339,92028,ochoquatre   ZEVENIZEVEN,"46,239","sixty-five thousand, six hundred and thirty-five"
340,92029,IZERO(SAN*zwei)   quatreZERO(SAN**zwei),"19,021","eighty thousand, five hundred and twenty-three"
341,92036,ZEVENzwei   ZEROZEROZERO,"3,440","sixty thousand, two hundred and forty-eight"
342,92037,ISANI   ZEROochoocho,"46,781","ninety-four thousand, five hundred and twenty-eight"
343,92040,ZEVENocho   quatreZERO(SAN*zwei),"41,281","sixty-six thousand, six hundred and seventy-one"
344,92054,(SAN*zwei)ZEVEN   (SAN*zwei)SANzwei,"40,375","fifty-three thousand, six hundred and thirty-four"
345,92055,VI   ZEROZEROSAN,"15,655",forty-six thousand and eighty-eight
346,92056,ZEVENocho   quatre(SAN**zwei)SAN,5.1835E4,"sixty-eight thousand, six hundred and forty-three"
347,92057,ochoI   VzweiZEVEN,"54,096","sixty-nine thousand, seven hundred and thirty-five"
348,2058 ? ?,(SAN*zwei)ZERO   (SAN*zwei)ochoI,"42,436","fifty-three thousand, two hundred and eighty-seven"
349,92059,ZEVENocho   Vzweiquatre,"1,618","seventy-three thousand, eight hundred and ten"
350,92060,(SAN*zwei)ZERO   ZERO(SAN*zwei)ZERO,218,"forty-one thousand, five hundred and thirty-two"
351,92061,ocho(SAN*zwei)   ZEVENZEROSAN,"2,499","seventy-five thousand, six hundred and ninety-seven"
352,92064,Izweizwei   (SAN**zwei)ochoquatre,"47,904","one hundred and two thousand, nine hundred and ninety-four"
353,92065,(SAN**zwei)quatre   zweiSANZEVEN,"35,414",eighty-one thousand and forty-four
354,92066,(SAN*zwei)ZERO   ZERO(SAN*zwei)ZERO,378,"forty-one thousand, five hundred and thirty-two"
355,92067,zweiquatreI   ZEVENII,"9,535 foo","one hundred and thirty-two thousand, six hundred and forty-seven"
356,92069,ZEVENSAN   zweizweiquatre,"46,369","sixty-one thousand, nine hundred and eighty-five"
357,92070,(SAN*zwei)quatre   (SAN*zwei)ZEROV,"1,245","forty-seven thousand, six hundred and eighty-six"
358,92071,ZEVENocho   Iochoquatre,"53,422","seventy thousand, two hundred and one"
359,92075,IzweiI   SANquatreZERO,"12,056",ninety thousand and sixty-three
360,2078 ? ?,(SAN**zwei)zwei   VSANZEVEN,"42,906","sixty-nine thousand, six hundred and nineteen"
361,92081,ZEVENZEVEN   SANV(SAN**zwei),"27,404","sixty-two thousand, six hundred and sixty-six"
362,92082,IZEROSAN   VVZEVEN,"19,037","seventy-eight thousand, six hundred and sixty-seven"
363,92083,(SAN*zwei)(SAN*zwei)   SANV(SAN**zwei),"36,975",fifty-five thousand and thirty-one
364,92084,(SAN*zwei)(SAN**zwei)   ZEROquatreSAN,4.7654E4,"fifty-five thousand, three hundred and fifty-two"
365,92086,(SAN*zwei)ZERO   ZEROquatreSAN,"1,573","forty-one thousand, five hundred and forty"
366,92091,I(SAN**zwei)V   (SAN**zwei)ZEROquatre,"1,048","one hundred and thirty thousand, one hundred and three"
367,92101,(SAN*zwei)quatre   ochoVSAN,"32,507","thirty-nine thousand, one hundred and two"
368,92102,quatre(SAN**zwei)   ocho(SAN**zwei)SAN,"43,103","thirty-nine thousand, seven hundred and twenty-six"
369,92103,ochoV   ZEROVI,"31,046","sixty thousand, six hundred and seventy"
370,92104,(SAN*zwei)ZERO   (SAN**zwei)zweiSAN,"44,413","forty-eight thousand, two hundred and eighty-three"
371,92105,quatre(SAN*zwei)   Iquatrequatre,"69,813",thirty-seven thousand and seventy-eight
372,2106 ? ?,IZERO(SAN*zwei)   quatreVZEVEN,"19,330","eighty-seven thousand, two hundred and fifty-seven"
373,92107,ochoSAN   IzweiI,2.8651E4,"sixty-five thousand, seven hundred and thirty"
374,92108,ZEVENquatre   VochoV,"18,858","sixty-three thousand, eight hundred and eighty-five"
375,92109,ochoquatre   IquatreZERO,"45,787","sixty-five thousand, seven hundred and sixty-seven"
376,92110,ZEVENI   ochoquatreSAN,"25,341","fifty-six thousand, nine hundred and sixty-three"
377,92111,(SAN*zwei)(SAN*zwei)   ochoochoZERO,"45,096","fifty-four thousand, three hundred and eighty-seven"
378,92113,SANSAN   ochoZEROquatre,"45,459","twenty-four thousand, four hundred and thirty-two"
379,92114,(SAN*zwei)(SAN*zwei)   IochoZEVEN,"65,433","fifty-six thousand, eight hundred and seventy-seven"
380,92115,VV   quatreSANzwei,"58,560","forty-four thousand, three hundred and eighty-one"
381,92116,(SAN*zwei)V   (SAN*zwei)quatrequatre,"31,680","fifty thousand, nine hundred and ninety-three"
382,92117,ZEVEN(SAN*zwei)   ochoVocho,5.1332E4,"sixty-three thousand, eight hundred and seven"
383,92118,ochoZEVEN   Vquatrezwei,"23,575","ninety-seven thousand, eight hundred and two"
384,2119 ? ?,ochoquatre   ZERO(SAN*zwei)ocho,"23,057","seventy-two thousand, eight hundred and seventy-one"
385,92120,(SAN**zwei)zwei   zweiII,"26,317","seventy-seven thousand, five hundred and eighty-nine"
386,92121,II(SAN**zwei)   Iochozwei,"4,179","one hundred and five thousand, three hundred and sixty-eight"
387,92122,(SAN**zwei)I   (SAN*zwei)Iquatre,"43,728","seventy-one thousand, four hundred and twenty-seven"
388,92123,ZEVEN(SAN**zwei)   ZEROIZEVEN,"26,823","sixty-nine thousand, eight hundred and five"
389,92124,ochoV   (SAN**zwei)ocho(SAN*zwei),"30,443","seventy-five thousand, five hundred and sixty-nine"
390,92126,ochoocho   zweiquatreV,"73,343","eighty-one thousand, one hundred and sixty-nine"
391,92127,ISANzwei   zweiquatreZEVEN,3.9337E4,"one hundred and eight thousand, five hundred and four"
392,92128,IZEROocho   ISANI,"47,490","ninety thousand, four hundred and ninety-two"
393,92129,IzweiZERO   ZEVENzweiocho,"51,536","one hundred and seven thousand, six hundred and fifty-four"
394,92130,IV(SAN**zwei)   ochoII,"48,940","one hundred and twenty-seven thousand, seven hundred and sixty"
395,92131,IquatreSAN   ZEROquatre(SAN**zwei),"32,787",one hundred and twenty-seven thousand and ten
396,2135 ? ?,.,571,"one hundred and twenty-seven thousand, six hundred and thirty-nine"
397,92139,ZEVENZERO   ochoIocho,"35,125",sixty thousand and twenty-three
398,92145,I(SAN**zwei)ocho   (SAN**zwei)ZEVENZEVEN,"1,449","one hundred and sixty-five thousand, seven hundred and sixty-four"
399,92147,ZEVENocho   quatreochoZEVEN,559,"sixty-three thousand, three hundred"
400,92154,(SAN*zwei)zwei   (SAN*zwei)(SAN**zwei)SAN,7.5611E4,"fifty-five thousand, two hundred and three"
401,92155,IZEROZEVEN   ZEROquatre(SAN*zwei),550,"sixty-one thousand, four hundred and seventy-seven"
402,92173,quatreocho   quatreZEROzwei,"29,429","thirty-eight thousand, seven hundred and sixty-two"
403,92201,VZEVEN   ochoSANI,"61,827","forty-six thousand, nine hundred and fifty-one"
404,92203,ochoocho   ZERO(SAN*zwei)SAN,"25,605","seventy-eight thousand, three hundred and eighteen"
405,92210,IZEVENI   VSAN(SAN*zwei),"4,677",one hundred and seven thousand and twenty-three
406,92211,(SAN**zwei)V   quatreSANzwei,"24,294","sixty-seven thousand, nine hundred and forty-six"
407,92220,VI   SANocho(SAN*zwei),"31,638","forty thousand, three hundred and ninety-five"
408,2222 ? ?,SANzwei   quatre(SAN*zwei)I,45,twenty-four thousand and fifty
409,92223,ZEVENzwei   (SAN*zwei)(SAN**zwei)I,4.3605E4,"sixty-three thousand, one hundred and seventy-two"
410,92225,SANocho   (SAN**zwei)ZEROzwei,"16,676","twenty-eight thousand, seven hundred and eighty"
411,92227,Vocho   (SAN**zwei)SANV,"26,219",forty-four thousand and twenty-eight
412,92230,ZEVEN(SAN*zwei)   zweiZEVENquatre,"2,550","thirty-six thousand, seven hundred and ninety-five"
413,92231,Vzwei   ZERO(SAN*zwei)zwei,"39,073","forty thousand, five hundred and nine"
414,92233,zweizwei   ZEVENquatrezwei,"3,802","sixteen thousand, four hundred and seventy-nine"
415,92234,(SAN*zwei)I   ZEVENocho(SAN**zwei),"51,151","forty-eight thousand, seven hundred and eighty-four"
416,92236,VI   IIZERO,"41,083","forty-four thousand, five hundred and seventy-two"
417,92239,VSAN   ZEVENZEROI,223,"forty-one thousand, seven hundred and twenty-four"
418,92240,quatreV   I(SAN**zwei)quatre,3.4722E4,"thirty-seven thousand, six hundred and forty-five"
419,92241,quatre(SAN**zwei)   (SAN*zwei)quatre(SAN*zwei),"8,803","forty thousand, one hundred and seventy-three"
420,2242 ? ?,quatreSAN   ocho(SAN*zwei)zwei,"1,539","twenty-eight thousand, six hundred and thirty-two"
421,92243,VZEVEN   ZEVENochoZEVEN,"48,030","forty-five thousand, eight hundred and ninety-four"
422,92249,VV   (SAN*zwei)SAN(SAN**zwei),"7,334","forty-five thousand, seven hundred and sixteen"
423,92250,VZEVEN   quatre(SAN**zwei)(SAN**zwei),"8,285","thirty-nine thousand, one hundred and seventy-seven"
424,92251,(SAN*zwei)ZERO   ZEROZERO(SAN**zwei),"21,583","forty-six thousand, seven hundred and seventy-nine"
425,92252,VI   quatrequatre(SAN**zwei),"9,647",forty thousand and fifty-nine
426,92253,IZEROZEVEN   ZEROZEVENV,"37,262","seventy-three thousand, five hundred and thirteen"
427,92254,SANV   quatrezweiV,1.2768E4,"twenty-six thousand, eight hundred and five"
428,92256,quatreocho   ZEROochoI,"3,588","forty-one thousand, five hundred and thirty-five"
429,92257,SANV   SANzweiocho,"2,037",twenty-six thousand and fifty-five
430,92258,quatreZEVEN   VZEROSAN,861,"thirty-seven thousand, five hundred and fifty-six"
431,92259,SAN(SAN**zwei)   Vochoocho,390,"thirty thousand, six hundred and eighty-two"
432,2260 ? ?,ochozwei   zwei(SAN*zwei)I,"31,753","fifty-four thousand, three hundred and forty-four"
433,92262,(SAN*zwei)ocho   SAN(SAN**zwei)(SAN**zwei),"26,179","forty-three thousand, eight hundred and ninety"
434,92264,ZEVENzwei   VIquatre,"19,383",forty-seven thousand and fifty
435,92266,zweiocho   ZEVENochoZERO,234,"twenty-two thousand, one hundred and sixty-nine"
436,92267,SANocho   quatreZEVENzwei,126 foo,"thirty thousand, three hundred and two"
437,92268,SAN(SAN**zwei)   ZEROzweiocho,574,"twenty-five thousand, four hundred and eighty"
438,92270,IzweiV   IochoSAN,"17,220","seventy thousand, five hundred and three"
439,92273,VSAN   IZEROV,"1,823","thirty-nine thousand, nine hundred and seventy-nine"
440,92274,quatreV   (SAN**zwei)ZEROI,"19,801","thirty-two thousand, two hundred and seventy-four"
441,92275,SANocho   zweiquatreV,"1,506","thirty thousand, four hundred and sixty-six"
442,92276,quatre(SAN**zwei)   (SAN*zwei)(SAN**zwei)I,"7,585","forty-one thousand, nine hundred and fifty"
443,92277,Vzwei   zweizweiquatre,"23,911","forty-three thousand, six hundred and thirty-two"
444,2278 ? ?,VZERO   SANzweiI,"3,846","forty-four thousand, two hundred and sixty-five"
445,92280,SANocho   quatreZEVENzwei,14 foo,"thirty thousand, three hundred and two"
446,92281,SAN(SAN**zwei)   SANVquatre,"2,432","twenty-nine thousand, three hundred and ninety-one"
447,92282,VZEVEN   ZEROSANZERO,"1,239",forty-two thousand and ninety-two
448,92283,SANzwei   zweiochoV,"3,158","twenty-three thousand, nine hundred and sixty"
449,92284,VV   (SAN*zwei)zwei(SAN*zwei),"25,095","forty-two thousand, five hundred and ninety-one"
450,92285,quatreI   ZEVENzweiZEVEN,"2,632","twenty-five thousand, five hundred and one"
451,92301,quatreZEVEN   ocho(SAN**zwei)ocho,"32,725",forty-three thousand and seventy-eight
452,92304,quatrequatre   ZEVEN(SAN*zwei)(SAN*zwei),17,"thirty-nine thousand, one hundred and seventy-seven"
453,92305,ocho(SAN*zwei)   ZEROZEVENI,535,"sixty-eight thousand, six hundred and fifty"
454,92307,(SAN*zwei)ocho   quatreSAN(SAN**zwei),3.7630E4,"fifty-seven thousand, six hundred and fifty-four"
455,92308,(SAN*zwei)ZERO   (SAN**zwei)VV,"39,837","fifty thousand, nine hundred and seventy-four"
456,2309 ? ?,quatreSAN   zweiZEROI,763,"thirty-seven thousand, three hundred and seventy-one"
457,92310,V(SAN*zwei)   zweiochoV,"8,845","fifty-one thousand, seven hundred and twenty-nine"
458,92311,V(SAN*zwei)   quatrezweiocho,"31,894","forty-eight thousand, three hundred and eighty-seven"
459,92313,ZEVENSAN   IVzwei,"12,025","fifty-nine thousand, one hundred and ninety-eight"
460,92314,VI   (SAN**zwei)ZEVENocho,"10,162","forty-two thousand, one hundred and ninety-five"
461,92315,(SAN*zwei)quatre   SANochoV,"5,094","thirty-two thousand, one hundred and seven"
462,92316,Vocho   VSANV,"30,830","forty-eight thousand, eight hundred and ninety-five"
463,92320,(SAN*zwei)V   ZEROquatreZEVEN,"7,788 foo","fifty-four thousand, five hundred and six"
464,92321,ocho(SAN*zwei)   quatreochoZERO,"1,522","sixty-eight thousand, one hundred and ninety-one"
465,92322,(SAN*zwei)SAN   SANquatre(SAN*zwei),"1,257","fifty-one thousand, six hundred and twenty-two"
466,92324,VV   SAN(SAN*zwei)zwei,"55,806","forty-seven thousand, two hundred and thirteen"
467,92325,(SAN*zwei)ZEVEN   SANquatreV,"9,391","fifty-eight thousand, nine hundred and fifty-two"
468,2327 ? ?,VSAN   quatreZERO(SAN**zwei),632,"forty thousand, nine hundred and thirty"
469,92328,VZERO   (SAN**zwei)ocho(SAN**zwei),445,"thirty-eight thousand, nine hundred and eighty-three"
470,92332,quatreSAN   ZEROVV,65,"thirty-seven thousand, one hundred and fifty-three"
471,92333,Vquatre   (SAN*zwei)quatreV,472,"forty-three thousand, one hundred and ninety-nine"
472,92335,V(SAN*zwei)   zweiZEVENZEVEN,9.5397E4,"forty-six thousand, two hundred and seven"
473,92336,ochoocho   ZEVENSAN(SAN**zwei),"88,419","eighty-one thousand, six hundred and eight"
474,92337,ZEVEN(SAN*zwei)   zwei(SAN**zwei)V,"37,849","sixty-nine thousand, three hundred and ninety-six"
475,92338,quatreSAN   zweiZEROI,12,"thirty-seven thousand, three hundred and seventy-one"
476,92339,ocho(SAN*zwei)   ZEROZEVENI,885,"sixty-eight thousand, six hundred and fifty"
477,92341,(SAN*zwei)quatre   (SAN*zwei)ZERO(SAN*zwei),410,"forty-eight thousand, eight hundred and seventeen"
478,92342,(SAN*zwei)quatre   ZEVENZEROSAN,"6,379","fifty-two thousand, six hundred and seventy"
479,92344,ZEVEN(SAN**zwei)   ZEROI(SAN**zwei),"20,769",sixty-six thousand and eighty-four
480,2345 ? ?,Vocho   quatreZEVENSAN,"78,715","forty-eight thousand, three hundred and seven"
481,92346,ZEVENocho   zwei(SAN*zwei)ocho,5.3410E4,"sixty-nine thousand, three hundred and sixty-one"
482,92347,(SAN*zwei)ocho   ZEROzwei(SAN*zwei),"1,692","fifty-one thousand, seven hundred and fifty-six"
483,92352,(SAN**zwei)ZERO   zweiVquatre,"8,004","sixty-one thousand, two hundred and ninety-five"
484,92354,ZEVENSAN   ZEVEN(SAN**zwei)quatre,"21,559","sixty-one thousand, six hundred and twenty-six"
485,92356,quatre(SAN**zwei)   ZEROIV,"6,455","thirty-nine thousand, five hundred and fifty-four"
486,92358,Iquatre(SAN*zwei)   SANI(SAN**zwei),707,eighty-five thousand
487,92359,(SAN*zwei)(SAN*zwei)   (SAN**zwei)quatreSAN,"8,103","fifty-four thousand, one hundred and ninety-eight"
488,92363,quatreocho   IzweiSAN,"5,321","thirty-one thousand, eight hundred"
489,92364,quatreSAN   zweiZEROI,90,"thirty-seven thousand, three hundred and seventy-one"
490,92365,quatreSAN   zweiZEROI,"2,637 foo","thirty-seven thousand, three hundred and seventy-one"
491,92368,VZERO   zwei(SAN**zwei)ZERO,"1,113","twenty-six thousand, two hundred and ninety-seven"
492,2371 ? ?,(SAN*zwei)(SAN*zwei)   ZEVENquatreSAN,"16,763","fifty-four thousand, one hundred and eighty-four"
493,92372,V(SAN**zwei)   ZEROVV,"6,220","thirty-two thousand, nine hundred and three"
494,92373,(SAN**zwei)(SAN*zwei)   (SAN**zwei)VZERO,"33,423","seventy-seven thousand, four hundred and three"
495,92374,ZEVENquatre   quatreochoV,"40,267","sixty-five thousand, three hundred and ninety"
496,92376,V(SAN*zwei)   I(SAN*zwei)zwei,"81,516","forty-seven thousand, eight hundred and eighty-nine"
497,92377,ochoSAN   quatrequatre(SAN**zwei),"19,989","eighty thousand, six hundred and fifty-seven"
498,92378,ochoZERO   ZEROzweiV,183,"forty-eight thousand, one hundred and twenty-five"
499,92382,ZEVENI   ZEVENIZEVEN,"5,268 foo","sixty thousand, five hundred and twenty-one"
500,92384,VZERO   (SAN**zwei)ocho(SAN**zwei),36,"thirty-eight thousand, nine hundred and eighty-three"
501,92385,ochoZERO   ZEROzweiV,313,"forty-eight thousand, one hundred and twenty-five"
502,92386,quatrezwei   ZERO(SAN*zwei)SAN,"2,270","thirty-two thousand, four hundred and fifty-eight"
503,92389,VZERO   (SAN**zwei)ocho(SAN**zwei),156,"thirty-eight thousand, nine hundred and eighty-three"
504,2391 ? ?,ochoZEVEN   I(SAN**zwei)(SAN**zwei),"2,534","fifty-four thousand, three hundred and forty-eight"
505,92392,(SAN*zwei)(SAN**zwei)   (SAN*zwei)quatrequatre,"54,858","sixty-three thousand, five hundred and sixty-seven"
506,92394,Vquatre   IVV,"28,738","forty-five thousand, two hundred and sixty-six"
507,92395,Vquatre   ZEROVSAN,"42,400","forty-three thousand, nine hundred and eighty-one"
508,92397,ochoocho   IZEVENV,"4,894 foo",eighty-two thousand and eighty
509,92398,(SAN*zwei)(SAN*zwei)   ZEROocho(SAN*zwei),"1,379","fifty-five thousand, one hundred and twenty-three"
510,92399,ZEVENV   ZEVENVocho,"52,606","sixty-four thousand, six hundred and twenty-eight"
511,92401,zweiZEVEN   V(SAN*zwei)ZERO,"1,932","eighteen thousand, six hundred and fifty-six"
512,92404,quatreocho   (SAN*zwei)(SAN*zwei)ZEVEN,"58,271",forty thousand and nine
513,92405,quatre(SAN**zwei)   ZEVENI(SAN**zwei),"28,873","forty thousand, five hundred and seventy-nine"
514,92407,(SAN*zwei)V   ZEROSANV,"56,689","fifty-six thousand, eight hundred and five"
515,92408,quatre(SAN*zwei)   I(SAN**zwei)zwei,"14,297","thirty-six thousand, three hundred and forty-six"
516,2410 ? ?,SAN(SAN*zwei)   zwei(SAN**zwei)(SAN**zwei),"47,466","thirty thousand, five hundred and forty-four"
517,92411,quatreI   VquatreI,2.6214E4,"thirty-four thousand, two hundred and forty-nine"
518,92501,(SAN*zwei)I   I(SAN*zwei)(SAN*zwei),"20,970","forty-eight thousand, three hundred and nineteen"
519,92503,ZEVENI   SANZEROV,"84,519","sixty-two thousand, three hundred and ninety"
520,92504,ZEVENZERO   (SAN*zwei)(SAN**zwei)quatre,"53,778","fifty-five thousand, five hundred and forty-four"
521,92505,(SAN*zwei)ZEVEN   (SAN*zwei)VZERO,"47,672","fifty-six thousand, seven hundred and fifty"
522,92506,IZEROI   SANSANZEVEN,"43,994","eighty-four thousand, two hundred and seventy-three"
523,92507,VI   zweiquatrezwei,"58,000","forty-three thousand, six hundred and fifty-four"
524,92508,IZEROI   quatre(SAN**zwei)ocho,"35,000","ninety thousand, six hundred and twenty-nine"
525,92509,(SAN*zwei)quatre   ochoSANZEVEN,"75,196","fifty-six thousand, five hundred and seven"
526,92518,Vquatre   quatreSANV,"1,162 foo","forty-five thousand, nine hundred and nine"
527,92530,(SAN*zwei)V   IochoZERO,"50,216","fifty-three thousand, two hundred and eighty-eight"
528,2532 ? ?,ochoquatre   ZEVENSANZERO,"18,644","seventy-seven thousand, six hundred and fifty-nine"
529,92536,ZEVENSAN   V(SAN**zwei)I,"3,810","fifty-six thousand, five hundred and five"
530,92539,(SAN*zwei)V   VZEVENZERO,"4,734","forty-seven thousand, five hundred and nineteen"
531,92543,quatrezwei   zweiochoI,"33,555","thirty-three thousand, three hundred and twenty"
532,92544,(SAN*zwei)ZERO   ZEVENZEVENZEVEN,"44,734","forty-eight thousand, four hundred and fifty"
533,92545,V(SAN*zwei)   II(SAN**zwei),"39,457","forty-five thousand, one hundred and forty-six"
534,92548,VSAN   VquatreSAN,"6,643","forty thousand, two hundred and eighty"
535,92549,(SAN*zwei)V   ochoZEROI,"3,926 foo","forty-seven thousand, nine hundred and thirty-two"
536,92551,(SAN*zwei)zwei   (SAN*zwei)ZEROI,"30,815","fifty-four thousand, one hundred and twenty-eight"
537,92553,VV   SANVI,"73,722","forty-six thousand, seven hundred and ninety-three"
538,92555,ZEVEN(SAN**zwei)   SANochozwei,"39,076","seventy-three thousand, two hundred and twenty-five"
539,92557,ZEVEN(SAN*zwei)   (SAN*zwei)zweiI,"50,320",sixty-five thousand and ninety-seven
540,2561 ? ?,ZEVENZERO   ZEVEN(SAN*zwei)V,"1,661","fifty-four thousand, two hundred and nine"
541,92562,(SAN**zwei)ocho   quatreVI,"62,079","eighty-two thousand, three hundred and eleven"
542,92563,(SAN**zwei)I   ZEVENzweiI,"53,892","eighty thousand, four hundred and eighteen"
543,92567,ZEVENZERO   quatrezweiZEVEN,"9,459","sixty thousand, five hundred and forty-one"
544,92570,VZEVEN   (SAN*zwei)zweiquatre,5.3697E4,"forty-seven thousand, six hundred and seventy-nine"
545,92571,(SAN*zwei)ZERO   SAN(SAN**zwei)ZERO,"52,516","fifty-four thousand, three hundred and twenty-nine"
546,92582,(SAN*zwei)(SAN*zwei)   ZEROochoquatre,"15,649","fifty-two thousand, five hundred and forty-five"
547,92583,VI   ZEVENzwei(SAN*zwei),"30,236","forty-one thousand, six hundred and sixty-six"
548,92584,ochoquatre   ZEVENZEVENZEVEN,"43,400","seventy-five thousand, nine hundred and sixty-six"
549,92585,(SAN*zwei)ZEVEN   ZEVENIZEVEN,"17,797","sixty thousand, three hundred and nine"
550,92586,Vquatre   SAN(SAN**zwei)ocho,"19,815","forty-four thousand, one hundred and fifty"
551,92587,ochoSAN   ochoVV,"16,675","seventy thousand, six hundred and seventy-one"
552,2590 ? ?,(SAN**zwei)zwei   SANochoquatre,"3,660","fifty-one thousand, eight hundred and eighty-six"
553,92591,ochoquatre   (SAN**zwei)ochozwei,3.8272E4,"seventy-two thousand, nine hundred and sixty-one"
554,92592,(SAN**zwei)(SAN*zwei)   (SAN*zwei)zwei(SAN*zwei),"72,492","eighty-six thousand, one hundred and forty-nine"
555,92595,ochoquatre   zweiVocho,"29,851","seventy-three thousand, six hundred and sixty-four"
556,92596,(SAN**zwei)(SAN*zwei)   ISAN(SAN*zwei),"23,172","eighty-four thousand, one hundred and twenty-three"
557,92602,ISAN(SAN*zwei)   SANzweiV,"22,871","one hundred and ten thousand, eight hundred and two"
558,92603,IZEVENocho   quatreVZERO,"20,184","one hundred and twenty-two thousand, six hundred and twenty-two"
559,92604,IZEROzwei   zweiZEROquatre,"26,853",eighty-five thousand and sixty-four
560,92606,IZEROZEVEN   ZEVEN(SAN*zwei)zwei,"21,495","ninety-five thousand, eight hundred and forty-one"
561,92610,Izweiocho   quatre(SAN*zwei)SAN,"11,248","one hundred and fourteen thousand, two hundred and ninety-seven"
562,92612,(SAN**zwei)zwei   IVV,2.7522E4,"seventy-two thousand, four hundred and twenty-four"
563,92614,IZEROV   SANocho(SAN*zwei),"24,748","eighty-six thousand, five hundred and ninety-seven"
564,2617 ? ?,(SAN*zwei)ZEVEN   I(SAN**zwei)zwei,"14,044","thirty thousand, nine hundred and thirteen"
565,92618,IZEROSAN   ZERO(SAN**zwei)quatre,"16,366","ninety-five thousand, one hundred and ninety-eight"
566,92620,Izweizwei   (SAN**zwei)ZEROocho,"38,486",one hundred and two thousand and ninety-five
567,92624,IZEROzwei   ochoVI,"7,248","sixty-eight thousand, one hundred and twenty-seven"
568,92625,zweiZERO(SAN*zwei)   ZEVENSANZERO,"12,478","one hundred and twenty-two thousand, three hundred and fifty-four"
569,92626,(SAN**zwei)ZERO   quatre(SAN*zwei)ZEVEN,"49,341","seventy-four thousand, five hundred and sixty-one"
570,92627,ochoZERO   ochoZEROZERO,"61,510","sixty thousand, eight hundred and ninety-five"
571,92629,IISAN   quatre(SAN**zwei)(SAN**zwei),2.5756E4,"eighty-three thousand, five hundred and fifty-eight"
572,92630,IZEROI   quatreZEROI,"59,182","eighty-four thousand, seven hundred and sixteen"
573,92637,VV   ZEROochoSAN,"16,012","thirty-eight thousand, nine hundred and ninety-four"
574,92646,IZEROI   V(SAN*zwei)ocho,"55,224","eighty-six thousand, nine hundred and seventy-two"
575,92647,ochoV   zweiZEVENI,"57,245","seventy-two thousand, seven hundred and eighty-one"
576,2648 ? ?,IIV   quatreVZEVEN,"45,317","eighty-nine thousand, seven hundred and ninety-seven"
577,92649,II(SAN*zwei)   SANZERO(SAN*zwei),"32,463","eighty-eight thousand, eight hundred and two"
578,92651,IZEVENV   VZEROZERO,"23,881",one hundred and one thousand and eighty-four
579,92653,ISANocho   (SAN**zwei)SANZERO,"29,291","ninety-nine thousand, seven hundred and thirty-five"
580,92655,ZEVENI   ZEVENVocho,"8,337 foo","fifty-nine thousand, two hundred and fifteen"
581,92656,IZERO(SAN**zwei)   ZEVEN(SAN**zwei)ZEVEN,"49,046","ninety-eight thousand, five hundred and sixty-nine"
582,92657,SANZEROquatre   (SAN*zwei)ZEVENocho,"9,741","one hundred and seventy-seven thousand, one hundred and ninety-nine"
583,92660,I(SAN*zwei)SAN   ZEROochoZEVEN,"34,797","one hundred and four thousand, seven hundred and fifty-three"
584,92661,ISAN(SAN**zwei)   VquatreV,"3,744","ninety-five thousand, five hundred and seventy-seven"
585,92662,Iquatrezwei   (SAN**zwei)II,"2,756","eighty-seven thousand, four hundred and four"
586,92663,IVZERO   (SAN**zwei)(SAN**zwei)(SAN**zwei),"21,649","one hundred and three thousand, eight hundred and seventeen"
587,92672,IZEROI   ochoocho(SAN**zwei),"34,464","seventy-one thousand, nine hundred and twenty-eight"
588,2673 ? ?,IquatreV   quatrezwei(SAN**zwei),"29,309","one hundred and twenty thousand, four hundred and three"
589,92675,IZERO(SAN**zwei)   (SAN*zwei)(SAN**zwei)ZEVEN,3.4731E4,"eighty-one thousand, three hundred and sixty-nine"
590,92676,Izwei(SAN*zwei)   ZEROVquatre,"1,945",one hundred and three thousand and thirty-six
591,92677,Izweiocho   quatreZEVEN(SAN**zwei),"63,297","ninety-seven thousand, eight hundred and sixty"
592,92678,Iocho(SAN*zwei)   SANochoI,494,one hundred and seventy-three thousand and ninety-five
593,92679,IZEVENquatre   VV(SAN**zwei),"32,611","one hundred and forty-five thousand, five hundred and ninety-three"
594,92683,ZEVENI   zweizwei(SAN**zwei),"89,747","fifty-eight thousand, nine hundred and sixty-five"
595,92688,III   zweiZEVENV,"43,792","ninety-six thousand, nine hundred and eighty-three"
596,92691,IZERO(SAN*zwei)   ZEROzweiSAN,"47,582","ninety-two thousand, eight hundred and seventy-four"
597,92692,Izwei(SAN*zwei)   ISANI,"47,222","one hundred and six thousand, two hundred and forty-two"
598,92694,IquatreSAN   (SAN**zwei)ZEVENI,2.1944E4,"one hundred and twenty-five thousand, five hundred and twenty-seven"
599,92701,VZEVEN   zwei(SAN**zwei)quatre,"53,908",forty-seven thousand and twenty-seven
600,2703 ? ?,(SAN*zwei)zwei   ZEVENZEROZEVEN,"65,445","fifty-two thousand, three hundred and ninety-three"
601,92704,(SAN*zwei)(SAN**zwei)   (SAN*zwei)(SAN**zwei)(SAN*zwei),"88,123","fifty-eight thousand, five hundred and ninety-five"
602,92705,IIV   zweiZERO(SAN**zwei),"44,706","eighty-six thousand, nine hundred and thirty-seven"
603,92706,ZEVENZEVEN   zweiV(SAN*zwei),"36,457","fifty-nine thousand, five hundred and ninety-six"
604,92707,(SAN*zwei)ZEVEN   ZEVENquatreV,"59,492","fifty-seven thousand, six hundred and twenty"
605,92708,(SAN**zwei)ocho   SANI(SAN**zwei),"56,004","eighty thousand, four hundred and forty-four"
606,92780,ochoZERO   SANquatreZEVEN,"57,741",sixty-five thousand and forty-three
607,92782,Izweizwei   VSANZEVEN,2.3032E4,"ninety-nine thousand, six hundred and fifty-eight"
608,92801,(SAN*zwei)zwei   ZEROSANquatre,"62,068","fifty thousand, seven hundred and eighty-four"
609,92802,(SAN*zwei)zwei   quatre(SAN*zwei)ZERO,"42,690","fifty thousand, five hundred and nineteen"
610,92804,(SAN*zwei)V   ochoIZEVEN,"85,914","fifty-three thousand, three hundred and fifty-four"
611,92805,V(SAN**zwei)   zweiZEVENquatre,"70,401","fifty-one thousand, one hundred and eighty-four"
612,2806 ? ?,(SAN*zwei)(SAN**zwei)   VSANocho,"37,173",fifty-eight thousand and forty
613,92807,IIzwei   (SAN**zwei)ochoSAN,"36,155","ninety-four thousand, one hundred and thirty-nine"
614,92808,Izwei(SAN**zwei)   ZEVENzweiSAN,"20,039","one hundred and eight thousand, four hundred and thirteen"
615,92821,ZEVENzwei   ochoochoSAN,"28,717","sixty-two thousand, nine hundred and eighty-six"
616,92823,ISANquatre   VVSAN,"3,613 foo","ninety-eight thousand, nine hundred and forty-six"
617,92831,ZEVEN(SAN**zwei)   zweiquatre(SAN**zwei),"34,204","sixty-four thousand, four hundred and fifty"
618,92832,ZEVENI   ZEROquatrequatre,"24,752","sixty thousand, one hundred and ninety-three"
619,92833,ocho(SAN*zwei)   quatre(SAN**zwei)quatre,"51,767","seventy-two thousand, four hundred and forty-six"
620,92835,IZEROZEVEN   quatrezweiZEVEN,"24,010","eighty-five thousand, four hundred and seventy-two"
621,92840,ZEVENZERO   SANSANocho,"54,083","sixty-two thousand, one hundred and ninety-six"
622,92841,ZEVENSAN   IzweiZERO,"32,845","sixty-one thousand, two hundred and seven"
623,92843,(SAN*zwei)ZEVEN   zweizweizwei,"45,214","fifty-six thousand, five hundred and fifty-one"
624,2844 ? ?,(SAN*zwei)ocho   ZERO(SAN*zwei)I,"24,307","fifty thousand, four hundred and seventy-one"
625,92845,(SAN**zwei)quatre   ochoZERO(SAN**zwei),1.6333E4,"eighty-seven thousand, two hundred and ninety-five"
626,92860,(SAN**zwei)SAN   VII,"27,198","seventy-six thousand, eight hundred and nine"
627,92861,I(SAN**zwei)SAN   ochoquatreV,"5,781","one hundred and thirty-nine thousand, five hundred and forty-two"
628,92865,ochoZEVEN   zweiZEVENzwei,"19,704",seventy-seven thousand and six
629,92866,ZEVENI   ISANZERO,"14,885",sixty-one thousand and fourteen
630,92867,IZEROquatre   (SAN*zwei)zweiocho,"44,515","eighty-four thousand, one hundred and twenty-two"
631,92868,ZEVENZERO   Vochoquatre,"25,404","sixty thousand, three hundred and eighty-nine"
632,92869,Izweiquatre   quatreochoV,"37,184","ninety-seven thousand, four hundred and eighty-eight"
633,92870,(SAN**zwei)I   IZEVENI,"52,024","seventy-eight thousand, seven hundred and sixteen"
634,92879,ZEVENquatre   zweiquatrezwei,4.6745E4,"sixty-three thousand, two hundred and sixty-six"
635,92880,IZERO(SAN**zwei)   zweizweiZEVEN,"58,763","ninety-six thousand, eight hundred and seventeen"
636,2881 ? ?,IzweiI   ZEVEN(SAN*zwei)ZEVEN,"30,991","one hundred and six thousand, five hundred and fifty-five"
637,92882,ochoocho   VquatreV,"67,917","seventy-six thousand, six hundred and eighty"
638,92883,IIzwei   I(SAN*zwei)ZERO,"29,301",one hundred and one thousand and thirty-nine
639,92886,ISANI   ZEROzweizwei,"46,564","one hundred and three thousand, eight hundred and ninety-one"
640,92887,I(SAN*zwei)ZEVEN   ocho(SAN**zwei)ZERO,"20,006","one hundred and twenty-nine thousand, three hundred and ninety-six"
641,93001,ZEVENI   SANquatre(SAN*zwei),"32,963",fifty-one thousand and eighteen
642,93003,ochoquatre   zweiocho(SAN*zwei),"50,474","seventy-three thousand, four hundred and fifty-one"
643,93004,ocho(SAN*zwei)   ZERO(SAN**zwei)I,2.9149E4,"seventy-one thousand, seven hundred and eighty-two"
644,93010,IZEROZERO   ZEROSAN(SAN*zwei),"42,901","eighty-five thousand, eight hundred and eighty-eight"
645,93012,IISAN   SANSAN(SAN*zwei),"34,617","ninety-five thousand, six hundred and seventy"
646,93013,(SAN**zwei)SAN   SANZEROzwei,"16,076","sixty-eight thousand, one hundred and forty-two"
647,93015,ZEVENSAN   ochoZEVENSAN,"17,332","sixty-three thousand, seven hundred and seventy-eight"
648,3021 ? ?,IIocho   VzweiZERO,"36,422","ninety-nine thousand, one hundred and thirty-two"
649,93022,(SAN**zwei)SAN   (SAN*zwei)ochoZERO,"6,106","seventy-four thousand, nine hundred and thirty-two"
650,93023,(SAN**zwei)ZERO   (SAN*zwei)IV,"20,267","sixty-six thousand, four hundred and ninety-three"
651,93030,(SAN*zwei)(SAN*zwei)   Iochoocho,"59,372","fifty-two thousand, nine hundred and thirty-two"
652,93033,(SAN*zwei)ZERO   IzweiZERO,8.2728E4,"fifty thousand, four hundred and twelve"
653,93035,(SAN**zwei)ocho   (SAN*zwei)Iocho,"27,732","seventy-nine thousand, nine hundred and twenty-four"
654,93036,ZEVEN(SAN*zwei)   ochoZEVEN(SAN**zwei),"41,691","sixty-six thousand, eight hundred and ninety-four"
655,93040,V(SAN*zwei)   VVI,"2,025",forty-nine thousand and nineteen
656,93041,(SAN*zwei)SAN   ZEROquatreocho,"23,641","fifty-six thousand, five hundred and fifteen"
657,93043,(SAN*zwei)ZERO   quatrequatreSAN,333,"fifty-one thousand, seven hundred and thirteen"
658,93060,(SAN*zwei)(SAN*zwei)   ZEVENZEVENSAN,"32,811","fifty-three thousand, one hundred and forty-four"
659,93063,IZEROI   zweiochoocho,"54,366","eighty-seven thousand, three hundred and forty-six"
660,3064 ? ?,Izweizwei   SAN(SAN**zwei)I,40,"one hundred and eleven thousand, one hundred and fourteen"
661,93065,IZEROZEVEN   V(SAN**zwei)SAN,7.2508E4,"ninety-three thousand, seven hundred and fifty-nine"
662,93066,ISAN(SAN*zwei)   Iquatrequatre,"3,102","eighty-nine thousand, eight hundred and fifty-nine"
663,93067,IzweiZERO   ochoV(SAN**zwei),895,"ninety-one thousand, nine hundred and seventy-nine"
664,93101,ZEVENZERO   quatreIV,"31,683","fifty-two thousand, eight hundred and forty-three"
665,93103,(SAN**zwei)(SAN*zwei)   (SAN*zwei)IZEVEN,"20,249","sixty-six thousand, seven hundred and ninety-seven"
666,93105,IZEROV   (SAN**zwei)ZEROZERO,"24,815","seventy-nine thousand, five hundred and sixty-two"
667,93108,IZEVENzwei   ZERO(SAN*zwei)(SAN*zwei),"11,112","ninety-six thousand, one hundred and sixty-three"
668,93109,IZEROI   (SAN*zwei)(SAN*zwei)I,"10,858","seventy-three thousand, three hundred"
669,93110,IZEROquatre   IVSAN,"16,829","seventy-four thousand, five hundred and fifty"
670,93111,IZEROSAN   ochoochoocho,1.7370E4,"eighty-six thousand, five hundred and fifty-nine"
671,93117,ZEVENSAN   zweiVSAN,"53,207","fifty-eight thousand, four hundred and thirty-eight"
672,3201 ? ?,SANZEVEN   ZEROSANI,"1,348",twenty-nine thousand and twenty-eight
673,93202,Vocho   quatreochoZERO,"4,143","fifty thousand, eight hundred and twenty-eight"
674,93203,quatreZERO   SANocho(SAN*zwei),"20,938",thirty-four thousand
675,93205,SAN(SAN**zwei)   (SAN*zwei)ochoSAN,"2,113","twenty-five thousand, five hundred and thirty-six"
676,93206,VZEVEN   VSAN(SAN**zwei),"2,300","forty-seven thousand, three hundred and ninety-four"
677,93207,ZEVENocho   ZEROquatreSAN,263,"fifty-two thousand, seven hundred and thirty-eight"
678,93208,ZEVENocho   ZEROquatreSAN,104,"fifty-two thousand, seven hundred and thirty-eight"
679,93210,SANzwei   quatreSAN(SAN*zwei),1.1218E4,"twenty-five thousand, five hundred and seventy-seven"
680,93212,zweiV   ZEVEN(SAN*zwei)quatre,"13,961","eighteen thousand, seven hundred and sixty-one"
681,93215,quatreI   VVV,"49,806","thirty-two thousand, nine hundred and sixty-nine"
682,93218,VZERO   zweiquatrezwei,994,thirty-three thousand and thirty-eight
683,93219,SANSAN   IZEVENI,"10,194","twenty-five thousand, seven hundred and eighty-three"
684,3220 ? ?,(SAN*zwei)ZERO   ZERO(SAN*zwei)I,211,"fifty-one thousand, seven hundred and thirty-one"
685,93221,V(SAN*zwei)   quatreSANI,"14,945","forty-five thousand, six hundred and fifty-eight"
686,93222,ZEVENSAN   ZEROZEROSAN,"2,099",sixty-two thousand and forty-nine
687,93223,quatrezwei   (SAN**zwei)SANSAN,"10,604","thirty-four thousand, eight hundred and four"
688,93224,(SAN*zwei)SAN   zweiquatre(SAN*zwei),451 foo,"forty-seven thousand, eight hundred and twenty-six"
689,93225,V(SAN**zwei)   (SAN*zwei)V(SAN**zwei),"4,742","fifty-two thousand, five hundred and eighty-six"
690,93226,Vquatre   ZEVEN(SAN**zwei)V,282,thirty-one thousand and fifty-four
691,93230,(SAN*zwei)quatre   ISAN(SAN**zwei),"65,264","fifty-three thousand, six hundred and sixty-five"
692,93234,SANZERO   ZEVEN(SAN**zwei)SAN,"6,987","twenty-four thousand, three hundred and five"
693,93235,Vocho   ochoZERO(SAN*zwei),"4,559","forty-six thousand, six hundred and twenty-four"
694,93238,Vquatre   ochoZEVENquatre,"1,490","thirty-one thousand, one hundred and twenty-eight"
695,93239,quatreZEVEN   (SAN*zwei)(SAN*zwei)(SAN**zwei),"1,654","thirty-eight thousand, one hundred and fifty"
696,3240 ? ?,quatreI   (SAN**zwei)quatreZEVEN,"6,056","twenty-nine thousand, three hundred and forty-four"
697,93241,quatreZERO   SANSANZEVEN,1.7489E4,"thirty-two thousand, four hundred and five"
698,93242,V(SAN*zwei)   ochoochoocho,"3,468","forty-six thousand, five hundred and ninety-three"
699,93243,ZEVENSAN   IquatreSAN,"1,699","sixty-two thousand, five hundred and eighteen"
700,93244,ZEVENZERO   ZEROZEROZEVEN,534,"fifty thousand, three hundred and eighty-four"
701,93245,(SAN*zwei)SAN   ZEVEN(SAN*zwei)ZEVEN,"37,412","fifty-four thousand, two hundred and twenty-eight"
702,93247,quatreV   (SAN*zwei)zwei(SAN*zwei),"17,423","thirty-five thousand, one hundred and forty-two"
703,93249,quatreZERO   ochoVquatre,"2,739","thirty-one thousand, one hundred and one"
704,93250,quatrezwei   ochoquatre(SAN**zwei),"13,522",thirty-six thousand and eighty-seven
705,93251,Vocho   quatreIquatre,270,"forty-three thousand, four hundred and seventy-two"
706,93252,(SAN*zwei)ZERO   ZEVEN(SAN**zwei)ocho,"4,057 foo","forty-six thousand, two hundred and eighty-two"
707,93254,(SAN*zwei)(SAN**zwei)   IzweiZEVEN,811,"forty-six thousand, eight hundred and nineteen"
708,3255 ? ?,Vquatre   ZEVEN(SAN**zwei)V,614,thirty-one thousand and fifty-four
709,93256,quatreV   ZEVEN(SAN**zwei)V,"5,753","twenty-eight thousand, nine hundred and eight"
710,93257,quatreZEVEN   ZEROquatreSAN,"64,774","thirty-seven thousand, nine hundred and fourteen"
711,93258,Vzwei   (SAN*zwei)ZEVENI,"2,046",forty thousand
712,93260,ZEVENocho   ZEROquatreSAN,200,"fifty-two thousand, seven hundred and thirty-eight"
713,93261,SAN(SAN*zwei)   (SAN**zwei)ochoocho,"3,099","twenty-eight thousand, nine hundred and ninety-one"
714,93262,ZEVENV   ZEROochoquatre,63,"fifty-seven thousand, eight hundred and seventy-nine"
715,93263,quatreocho   ZEROV(SAN**zwei),1.9582E4,thirty-nine thousand and twenty-six
716,93265,ZEVENquatre   ocho(SAN*zwei)quatre,"3,699","fifty thousand, nine hundred and twenty-six"
717,93266,quatreocho   (SAN*zwei)quatreZEVEN,"1,587","thirty-eight thousand, nine hundred and thirty-three"
718,93267,quatreocho   (SAN*zwei)ZERO(SAN*zwei),"6,237","thirty-five thousand, nine hundred and eighty"
719,93268,VZERO   zweiZEROZERO,"16,897","thirty-eight thousand, five hundred and fifty-seven"
720,3270 ? ?,VZERO   (SAN*zwei)V(SAN**zwei),"5,837","thirty-three thousand, one hundred and one"
721,93271,ZEVENV   ZEROochoquatre,"2,276","fifty-seven thousand, eight hundred and seventy-nine"
722,93272,quatreSAN   (SAN**zwei)quatreSAN,"3,583","thirty-two thousand, eight hundred and fifty-two"
723,93274,V(SAN*zwei)   quatreVocho,"69,721","forty-eight thousand, five hundred and four"
724,93276,(SAN*zwei)ZEVEN   ZEVEN(SAN**zwei)ZERO,161 foo,fifty thousand and seventy-eight
725,93277,(SAN*zwei)ocho   (SAN*zwei)Iocho,"50,607","fifty-six thousand, six hundred and ninety-two"
726,93280,zweiSAN   quatrezweiZERO,"14,134","eighteen thousand, nine hundred and sixteen"
727,93283,quatreV   Vquatrequatre,"2,040","thirty-three thousand, nine hundred and three"
728,93285,Vquatre   Izweiquatre,"2,536","thirty thousand, eight hundred and six"
729,93286,quatreocho   ocho(SAN*zwei)I,"9,548","forty thousand, two hundred and ninety-five"
730,93287,Vquatre   ZEVEN(SAN**zwei)V,119,thirty-one thousand and fifty-four
731,93291,ZEVENI   quatre(SAN*zwei)(SAN*zwei),"52,849","fifty-four thousand, eight hundred and seventy-seven"
732,3292 ? ?,(SAN*zwei)(SAN*zwei)   VZEROI,"39,032","fifty-three thousand, one hundred and ten"
733,93301,VZERO   ZEROZEROI,1.2248E4,"thirty-five thousand, one hundred and thirty-one"
734,93304,quatreV   quatreZERO(SAN**zwei),"48,731","thirty-six thousand, three hundred and seventy-one"
735,93305,quatre(SAN*zwei)   ocho(SAN*zwei)(SAN**zwei),"37,601","thirty-seven thousand, three hundred and forty"
736,93306,(SAN*zwei)zwei   ZEROquatreZEVEN,"64,587","fifty thousand, four hundred"
737,93307,quatreSAN   ISAN(SAN**zwei),"82,658","thirty-five thousand, seven hundred and eighty"
738,93308,(SAN*zwei)ZERO   quatreSANI,"52,447","forty-nine thousand, four hundred and ninety-four"
739,93309,(SAN*zwei)zwei   VZERO(SAN*zwei),"58,409","fifty-two thousand, three hundred and eighteen"
740,93311,IZEROzwei   (SAN**zwei)zweiocho,"40,829","eighty-one thousand, seven hundred and four"
741,93312,(SAN**zwei)(SAN**zwei)   (SAN*zwei)SAN(SAN**zwei),"56,741","eighty-seven thousand, four hundred and forty-nine"
742,93313,ZEVENI   IISAN,4.3553E4,"sixty-two thousand, nine hundred and forty-five"
743,93314,II(SAN*zwei)   SANVquatre,"22,393","ninety-eight thousand, one hundred and ninety-six"
744,3401 ? ?,ZEVENzwei   (SAN*zwei)SAN(SAN**zwei),"26,250","fifty-four thousand, eight hundred and twenty"
745,93402,(SAN*zwei)ocho   SAN(SAN*zwei)ZEVEN,"14,318","fifty-seven thousand, seven hundred and sixty-nine"
746,93405,quatrezwei   ochoZEROzwei,"28,994","twenty-eight thousand, one hundred and fifty"
747,93420,ocho(SAN**zwei)   Izweiocho,"28,413","sixty-eight thousand, four hundred and eighty-six"
748,93422,ZEVENSAN   (SAN**zwei)zweiZERO,"31,375","sixty-three thousand, one hundred and ninety-five"
749,93424,IVzwei   (SAN**zwei)ZEVENquatre,"1,261","ninety-nine thousand, three hundred and eighteen"
750,93426,ZEVENZEVEN   ZEROZEROZERO,"1,401","sixty-four thousand, seven hundred and seventy-five"
751,93427,IZEROI   (SAN**zwei)IZEVEN,"5,505 foo",seventy-five thousand and eighty-nine
752,93428,(SAN**zwei)ZERO   ZEROquatreZEVEN,"6,314",seventy-one thousand and fifty-four
753,93429,Vzwei   IZEVENquatre,154,"forty-five thousand, five hundred and seven"
754,93430,ZEVENquatre   ZEVENzweiI,"2,972","fifty-three thousand, three hundred and eighty-three"
755,93432,ocho(SAN**zwei)   ZEROochoquatre,"1,384","seventy-one thousand, four hundred and sixty-nine"
756,3433 ? ?,(SAN*zwei)ZERO   ZEVENII,"13,162","forty-seven thousand, eight hundred and fifty-one"
757,93434,quatreZEVEN   Vzwei(SAN**zwei),"7,110","forty-two thousand, six hundred and twenty-seven"
758,93436,(SAN*zwei)ocho   ocho(SAN*zwei)ZEVEN,"54,017","fifty-four thousand, eight hundred and thirty-nine"
759,93437,(SAN*zwei)ZERO   (SAN*zwei)zwei(SAN**zwei),"3,338","fifty-one thousand, four hundred and thirty-nine"
760,93440,IZEROzwei   ZERO(SAN**zwei)ZERO,"2,058 foo","seventy-five thousand, five hundred and forty-one"
761,93441,ISANV   (SAN**zwei)quatrequatre,"1,530","ninety thousand, nine hundred and ninety-six"
762,93442,(SAN*zwei)(SAN*zwei)   quatreI(SAN**zwei),"10,789","fifty-one thousand, three hundred and fifty-five"
763,93444,ZEVEN(SAN**zwei)   VZEVENSAN,"19,244","sixty-four thousand, five hundred and sixty"
764,93445,quatreocho   ZEVENocho(SAN**zwei),"7,173","thirty-nine thousand, eight hundred and sixty-seven"
765,93446,ZEVEN(SAN*zwei)   IzweiI,"43,714","sixty thousand, eight hundred and sixty-two"
766,93449,(SAN**zwei)(SAN**zwei)   (SAN**zwei)zweiquatre,"7,657","sixty-six thousand, two hundred and sixty-two"
767,93450,ochoZERO   ZEROSANZERO,740,"sixty-eight thousand, five hundred and fifty-three"
768,3451 ? ?,ocho(SAN*zwei)   (SAN*zwei)quatrezwei,"3,779","sixty-six thousand, two hundred and twenty-five"
769,93452,ochoocho   ZEVEN(SAN**zwei)ocho,524 foo,"forty-nine thousand, seven hundred and sixty-four"
770,93453,ZEVEN(SAN**zwei)   zwei(SAN*zwei)(SAN*zwei),"2,899","sixty-five thousand, six hundred and sixty-eight"
771,93454,(SAN*zwei)(SAN*zwei)   V(SAN**zwei)ZERO,"36,448","fifty thousand, four hundred and twenty-one"
772,93455,ZEVENocho   (SAN*zwei)(SAN**zwei)SAN,"41,684","sixty-five thousand, six hundred and seventy-one"
773,93458,VV   quatreZEVENquatre,"55,431","forty-six thousand, four hundred and eighty-eight"
774,93460,Izwei(SAN**zwei)   (SAN**zwei)ZEVENZERO,"5,255","ninety-three thousand, five hundred and forty-four"
775,93461,IZEROZERO   (SAN**zwei)zweiZEVEN,"1,623","sixty-six thousand, three hundred and seventy-five"
776,93463,IZEROV   zweiI(SAN**zwei),"7,646","sixty-nine thousand, eight hundred and forty-eight"
777,93465,(SAN**zwei)(SAN*zwei)   ZEVEN(SAN*zwei)ZERO,"9,153","eighty-one thousand, one hundred and forty-six"
778,93501,quatrequatre   zweiZEROV,"5,467 foo","twenty-six thousand, nine hundred and fifteen"
779,93505,VV   ZEVENVZEVEN,"14,038","forty-four thousand, four hundred and twenty-one"
780,3510 ? ?,IZEROZEVEN   (SAN**zwei)zweizwei,"7,993",ninety-one thousand and thirty-one
781,93512,ZEVENquatre   ochoZEVEN(SAN**zwei),277,"seventy-three thousand, five hundred and forty-five"
782,93513,Vocho   quatre(SAN**zwei)quatre,"1,763","fifty-six thousand, six hundred and forty-five"
783,93514,(SAN*zwei)SAN   VI(SAN*zwei),"13,857","fifty thousand, two hundred and ninety-four"
784,93516,V(SAN*zwei)   ZERO(SAN*zwei)quatre,"2,299","thirty-seven thousand, seven hundred and sixty-six"
785,93517,quatreocho   SANzweizwei,670,"forty thousand, nine hundred and three"
786,93518,Vocho   VVocho,"1,146",thirty-four thousand and five
787,93519,quatreSAN   (SAN**zwei)zweiSAN,101 foo,"thirty-four thousand, three hundred and thirty-six"
788,93522,VZERO   (SAN**zwei)ocho(SAN**zwei),48,"thirty-eight thousand, nine hundred and eighty-three"
789,93523,(SAN*zwei)zwei   SANZEVENZEVEN,"3,074","fifty-two thousand, six hundred and thirty-two"
790,93524,ZEVENzwei   SANSAN(SAN*zwei),229,"sixty-two thousand, five hundred"
791,93526,Vocho   quatre(SAN**zwei)quatre,719,"fifty-six thousand, six hundred and forty-five"
792,3527 ? ?,ZEVENV   ZEROSANI,"2,387","fifty-five thousand, four hundred and sixty"
793,93528,quatreSAN   (SAN**zwei)IV,172,"thirty-four thousand, three hundred and thirty-nine"
794,93529,ZEVENquatre   ochoZEVEN(SAN**zwei),633,"seventy-three thousand, five hundred and forty-five"
795,93530,VZERO   (SAN**zwei)ocho(SAN**zwei),47,"thirty-eight thousand, nine hundred and eighty-three"
796,93531,(SAN**zwei)V   I(SAN*zwei)quatre,509 foo,"seventy-three thousand, eight hundred and eleven"
797,93532,(SAN**zwei)zwei   ZEROIZEVEN,"2,932","eighty-three thousand, two hundred and twenty-nine"
798,93534,VI   Iquatre(SAN*zwei),"39,341","forty-one thousand, one hundred and forty"
799,93535,Vquatre   zweiquatreV,"71,877","forty-six thousand, four hundred and six"
800,93536,(SAN*zwei)ZERO   quatreochoSAN,"52,186","fifty thousand, nine hundred and ninety-three"
801,93541,quatreocho   quatrequatrezwei,449,forty-one thousand and fifty
802,93543,(SAN*zwei)I   ZEVENZEROZEVEN,"13,033","fifty-four thousand, two hundred and twenty-eight"
803,93544,ZEVEN(SAN**zwei)   zwei(SAN**zwei)ZERO,"1,259","fifty-three thousand, one hundred and one"
804,3545 ? ?,VI   ZEROZEROSAN,"2,082",thirty-nine thousand and seventeen
805,93546,ZEVENZERO   V(SAN*zwei)(SAN**zwei),"9,567 foo","fifty-seven thousand, two hundred and fifty-four"
806,93549,VZERO   (SAN**zwei)ocho(SAN**zwei),344,"thirty-eight thousand, nine hundred and eighty-three"
807,93550,VSAN   VIocho,"74,929","forty-four thousand, eight hundred and sixty-six"
808,93551,(SAN**zwei)quatre   ZEVEN(SAN*zwei)ZEVEN,"50,798","eighty-one thousand, nine hundred and thirteen"
809,93552,(SAN*zwei)(SAN**zwei)   IISAN,"38,158","fifty-nine thousand, two hundred and eighty-six"
810,93553,ZEVENocho   (SAN*zwei)ZEVEN(SAN**zwei),"2,138","fifty-three thousand, five hundred and nineteen"
811,93554,quatreSAN   (SAN**zwei)IV,72,"thirty-four thousand, three hundred and thirty-nine"
812,93555,(SAN*zwei)ZEVEN   ZEVENquatrequatre,"32,560","fifty-six thousand, six hundred and forty-six"
813,93558,VZERO   quatreZEROquatre,125,"forty thousand, seven hundred"
814,93560,(SAN*zwei)zwei   ocho(SAN**zwei)ZERO,1.8910E4,"fifty-two thousand, six hundred and seventy-nine"
815,93561,Vzwei   zweiZEROZERO,"23,144","thirty-nine thousand, nine hundred and eighty"
816,3562 ? ?,VZERO   quatreZEROquatre,"1,818","forty thousand, seven hundred"
817,93563,ochoSAN   ochoSANSAN,388,"sixty-eight thousand, five hundred"
818,93591,V(SAN**zwei)   (SAN*zwei)(SAN**zwei)quatre,"7,285",forty-seven thousand and forty-seven
819,93592,VZERO   (SAN**zwei)ocho(SAN**zwei),64,"thirty-eight thousand, nine hundred and eighty-three"
820,93601,(SAN*zwei)quatre   zwei(SAN*zwei)ZERO,"1,909","forty-five thousand, nine hundred and twenty"
821,93602,ochozwei   ochoSANV,"3,862","seventy thousand, three hundred and fifty-eight"
822,93603,ZEVENV   ZEROochoquatre,222,"fifty-seven thousand, eight hundred and seventy-nine"
823,93604,(SAN*zwei)ZERO   SAN(SAN*zwei)V,674 foo,"forty-seven thousand, four hundred and seventy-eight"
824,93605,ochoSAN   quatreZEVENocho,175,"sixty thousand, nine hundred and nine"
825,93606,Vzwei   IV(SAN**zwei),"1,217","thirty-seven thousand, three hundred and four"
826,93608,SANzwei   (SAN*zwei)V(SAN**zwei),"1,105","twenty-five thousand, three hundred and sixty-nine"
827,93609,VV   IZEROZEVEN,"5,640","forty-three thousand, seven hundred and thirty-seven"
828,3610 ? ?,VV   (SAN**zwei)SANquatre,"23,833","forty thousand, six hundred and fifty-eight"
829,93611,ochoZEVEN   SAN(SAN*zwei)I,"45,614","eighty thousand, six hundred and one"
830,93612,Vzwei   SANquatreocho,"35,351","forty-four thousand, one hundred and sixty-eight"
831,93614,ZEVEN(SAN*zwei)   zwei(SAN**zwei)I,"11,661","fifty-eight thousand, four hundred and nine"
832,93615,quatreI   ZEROZERO(SAN*zwei),"6,042 foo","thirty thousand, four hundred and eighty-five"
833,93616,V(SAN**zwei)   ZEVENocho(SAN*zwei),"2,627","forty-seven thousand, four hundred and seventy-one"
834,93618,VSAN   (SAN*zwei)SAN(SAN*zwei),"28,262","forty thousand, eight hundred and sixty-two"
835,93619,IIV   SANVquatre,"28,965","ninety-nine thousand, four hundred and ninety-one"
836,93620,quatreV   VVI,"9,591","thirty-six thousand, three hundred and twenty"
837,93621,VZEVEN   ZEVEN(SAN**zwei)(SAN*zwei),464,"fifty-five thousand, five hundred and forty-one"
838,93622,SANocho   ochoZEVENquatre,"9,581","thirty thousand, five hundred and fifty-six"
839,93623,ZEVENocho   I(SAN**zwei)I,69,sixty-three thousand and forty-four
840,3624 ? ?,zwei(SAN*zwei)   quatrequatreZEVEN,"1,036","twenty thousand, six hundred and seventy-four"
841,93625,(SAN*zwei)ZERO   ISANzwei,"7,313 foo","fifty-two thousand, nine hundred and thirty-nine"
842,93626,(SAN**zwei)ZEVEN   zweiZEROI,"1,359","seventy-two thousand, three hundred and ninety-two"
843,93627,quatreI   VSANZEVEN,123,"thirty-one thousand, two hundred and ninety-eight"
844,93628,VZEVEN   ZEVEN(SAN**zwei)(SAN*zwei),327,"fifty-five thousand, five hundred and forty-one"
845,93630,(SAN*zwei)I   SANZEVENSAN,"19,162",forty-seven thousand and fifty-five
846,93631,(SAN*zwei)ZEVEN   ochoV(SAN**zwei),"15,941","fifty-three thousand, four hundred and ninety"
847,93633,ZEVENV   ZEROochoquatre,25,"fifty-seven thousand, eight hundred and seventy-nine"
848,93634,ochoSAN   quatreZEVENocho,33,"sixty thousand, nine hundred and nine"
849,93635,(SAN*zwei)SAN   SANocho(SAN**zwei),"38,776","fifty-three thousand, five hundred and eighty-seven"
850,93636,ochoZERO   ZEROI(SAN**zwei),1.1908E4,"sixty-five thousand, one hundred and twenty-three"
851,93637,(SAN*zwei)ZERO   quatreIzwei,"37,743","forty-eight thousand, seven hundred and seventy-six"
852,3638 ? ?,Vzwei   ZEROSANquatre,"49,068",forty thousand and ninety-six
853,93640,SANzwei   zweiISAN,"11,880",twenty-five thousand and seventy-eight
854,93641,VZEVEN   ZEVEN(SAN**zwei)(SAN*zwei),595,"fifty-five thousand, five hundred and forty-one"
855,93643,V(SAN**zwei)   (SAN*zwei)(SAN*zwei)ZERO,"3,171",forty-eight thousand and twenty-five
856,93644,(SAN*zwei)SAN   zweiochoZERO,"8,637","forty-three thousand, three hundred and ninety-eight"
857,93645,(SAN*zwei)zwei   zweiZEROSAN,318,"forty-four thousand, two hundred and seventy-nine"
858,93646,SANV   SANZEROZEVEN,"10,557","twenty-six thousand, one hundred and sixty-one"
859,93647,quatrequatre   ochoVZEVEN,1.1874E4,"thirty-two thousand, nine hundred and sixty-one"
860,93648,quatre(SAN**zwei)   SANZEVENI,"15,719","thirty-five thousand, nine hundred and two"
861,93650,VI   quatre(SAN**zwei)ZEVEN,"4,055","forty-four thousand, two hundred and fifty-nine"
862,93651,(SAN**zwei)ZERO   ZERO(SAN**zwei)(SAN*zwei),"1,674","seventy-eight thousand, three hundred and twenty-seven"
863,93652,VI   ZEVENochoocho,415,"thirty-eight thousand, two hundred and eighty-one"
864,3653 ? ?,(SAN*zwei)I   zwei(SAN*zwei)SAN,"1,229","forty-seven thousand, five hundred and ninety-three"
865,93654,Vocho   ocho(SAN**zwei)ZERO,"29,776","forty-eight thousand, nine hundred and fifty-two"
866,93656,VZERO   (SAN**zwei)VZEVEN,"6,313","forty-three thousand, four hundred and seventy"
867,93657,(SAN*zwei)zwei   quatreVZEVEN,"34,999","fifty-one thousand, eight hundred and seventy-seven"
868,93660,SANV   zweiSANV,"4,675 foo",twenty-seven thousand and thirty
869,93662,Vquatre   quatreochoquatre,"30,237","forty-three thousand, nine hundred and thirty-eight"
870,93664,ochoSAN   quatreZEVENocho,585,"sixty thousand, nine hundred and nine"
871,93665,quatreSAN   ZERO(SAN**zwei)zwei,472,"thirty-four thousand, seven hundred and eighty-eight"
872,93666,ochoZEVEN   (SAN**zwei)(SAN**zwei)V,692,"fifty-one thousand, five hundred and twenty-eight"
873,93667,(SAN**zwei)ZERO   VochoZERO,"2,604","seventy-three thousand, six hundred and sixty-one"
874,93668,SANquatre   (SAN**zwei)ZEVENocho,"1,118","twenty-six thousand, eight hundred and twenty-nine"
875,93669,V(SAN**zwei)   Iquatre(SAN*zwei),295,"forty-eight thousand, seven hundred and eighty-three"
876,3673 ? ?,quatrezwei   ochoZERO(SAN**zwei),713,"thirty-six thousand, three hundred and sixty-four"
877,93675,VZEVEN   ZEVEN(SAN**zwei)(SAN*zwei),"3,721 foo","fifty-five thousand, five hundred and forty-one"
878,93701,SANzwei   quatre(SAN*zwei)(SAN*zwei),"12,529","twenty-four thousand, five hundred and ninety-six"
879,93702,SANZEVEN   quatreVSAN,"48,607","twenty-nine thousand, six hundred and sixty-three"
880,93703,SANocho   SANVI,"31,868","thirty-one thousand, seven hundred and thirty"
881,93704,(SAN*zwei)quatre   ochoZERO(SAN*zwei),"27,156","fifty thousand, five hundred and eight"
882,93705,quatrequatre   ZEROZEVENquatre,"36,703","thirty-five thousand, five hundred and fifty-one"
883,93706,SAN(SAN**zwei)   SANIquatre,"41,087","twenty-nine thousand, seven hundred and thirty-six"
884,93710,VZERO   ochoV(SAN*zwei),"25,366","forty-one thousand, two hundred and sixty-six"
885,93711,(SAN**zwei)ZEVEN   IquatreV,"36,731",seventy-three thousand and thirty-eight
886,93720,(SAN**zwei)ocho   quatrequatreSAN,4.5191E4,"eighty-one thousand, six hundred and forty-five"
887,93721,zweiZERO   I(SAN**zwei)SAN,"4,099","fourteen thousand, nine hundred and forty-three"
888,3722 ? ?,(SAN*zwei)ZEVEN   SANZEVENI,"76,448","fifty-seven thousand, two hundred and sixteen"
889,93723,(SAN*zwei)V   ZEVENquatreSAN,"9,547","fifty thousand, two hundred and ninety-nine"
890,93725,VZERO   SAN(SAN**zwei)zwei,"24,979","forty thousand, nine hundred and twenty-nine"
891,93726,quatreZEVEN   (SAN*zwei)VSAN,"40,705","thirty-seven thousand, one hundred and nineteen"
892,93727,Vocho   VochoZEVEN,"71,820","forty-seven thousand, one hundred and twenty-six"
893,93728,quatreI   ZEROIV,"15,743","thirty-one thousand, five hundred and sixty-five"
894,93730,Izwei(SAN*zwei)   zwei(SAN**zwei)ZEVEN,"9,941","ninety thousand, six hundred and sixty-three"
895,93901,(SAN*zwei)ocho   quatreochoI,2.6863E4,"fifty-two thousand, eight hundred and sixty-two"
896,93905,VI   IquatreSAN,"61,080","forty thousand, one hundred and fifty-two"
897,93906,ZEVENI   zweizweiV,"59,461","sixty-one thousand, nine hundred and three"
898,93907,ochoSAN   (SAN**zwei)I(SAN**zwei),"21,726",seventy-four thousand and sixty-three
899,93908,ISAN(SAN*zwei)   SANVzwei,"13,043","one hundred and thirteen thousand, nine hundred and thirty-two"
900,3920 ? ?,ISANSAN   quatreSANSAN,"1,369",seventy-three thousand and forty
901,93921,IzweiI   quatrequatrequatre,"3,281","seventy-four thousand, eight hundred and forty-two"
902,93923,Izweiquatre   zwei(SAN*zwei)ZERO,"11,502","eighty-one thousand, three hundred and sixty-six"
903,93924,Iocho   ochozweiZEVEN,917,"twelve thousand, seven hundred and forty-three"
904,93925,ZEVENZEVEN   (SAN*zwei)quatreocho,"1,671 foo","sixty-one thousand, nine hundred and six"
905,93926,(SAN*zwei)V   SANZEVENocho,"8,726","fifty-one thousand, six hundred and thirty-eight"
906,93927,(SAN*zwei)SAN   ocho(SAN*zwei)(SAN*zwei),"17,547","fifty-two thousand, three hundred and forty-four"
907,93928,ochoZERO   ZEROSANZERO,506,"sixty-eight thousand, five hundred and fifty-three"
908,93930,(SAN*zwei)SAN   quatre(SAN*zwei)(SAN*zwei),"15,866","fifty-three thousand, one hundred and seventy-five"
909,93932,ochoZERO   ZEROSANZERO,592,"sixty-eight thousand, five hundred and fifty-three"
910,93933,VV   ZERO(SAN*zwei)(SAN**zwei),"19,084","forty-four thousand, seven hundred and sixty-one"
911,93940,ochoV   (SAN*zwei)Vquatre,"31,615","seventy thousand, seven hundred and nine"
912,3943 ? ?,ZEVEN(SAN*zwei)   (SAN*zwei)ZEVENI,6,"fifty-eight thousand, two hundred and forty-six"
913,93950,ocho(SAN**zwei)   (SAN*zwei)ZEVENquatre,1.5046E4,"sixty-six thousand, eight hundred and sixty-four"
914,93953,IZEVENquatre   ZEVENSAN(SAN*zwei),"4,509","one hundred and five thousand, seven hundred and thirty-one"
915,93954,(SAN*zwei)quatre   IochoSAN,302,"fifty-two thousand, six hundred and thirty-nine"
916,93955,(SAN*zwei)quatre   IVquatre,"32,382","fifty-six thousand, eight hundred and sixty-nine"
917,93960,SANocho   (SAN**zwei)(SAN**zwei)ocho,"16,971","thirty-three thousand, one hundred and ninety-seven"
918,93962,ZEVENZEVEN   quatreVI,673,"fifty-nine thousand, nine hundred and seventy-one"
